arrival_mean,arrival_std,best_dephasing_over_coupling,dephasing_gain_ci95_low,dephasing_gain_mean,disorder_strength_over_coupling,edge_model,family,paper_key,quantum_minus_classical_mean,target_style
0.7534069455263602,0.0,0.0,0.0,0.0,0.0,unweighted,barabasi_albert_scale_free,walschaers_2016_coutinho_2022,0.0,far
0.34228437225575403,0.0,0.4,0.05972221560187546,0.05972221560187546,0.0,unweighted,barabasi_albert_scale_free,walschaers_2016_coutinho_2022,0.0,far
0.29731978634634604,0.0,0.8,0.08402173162338383,0.08402173162338383,0.0,unweighted,barabasi_albert_scale_free,walschaers_2016_coutinho_2022,0.0,far
0.7700984505908952,0.002572807601108875,0.0,0.0,0.0,0.6,unweighted,barabasi_albert_scale_free,walschaers_2016_coutinho_2022,0.0,far
0.30854243400715564,0.026294394457962264,0.8,0.05783388018681759,0.10289452337179229,0.6,unweighted,barabasi_albert_scale_free,walschaers_2016_coutinho_2022,0.0,far
0.4462362245123713,0.1259131638710037,0.0,0.0,0.0,1.2,unweighted,barabasi_albert_scale_free,walschaers_2016_coutinho_2022,0.0,far
0.4673463565190618,0.0,0.1,0.01431622719299841,0.01431622719299841,1.2,unweighted,barabasi_albert_scale_free,walschaers_2016_coutinho_2022,0.0,far
0.38653928153628997,0.017837517985846783,0.4,0.0018809485037093177,0.03594131349929633,1.2,unweighted,barabasi_albert_scale_free,walschaers_2016_coutinho_2022,0.0,far
0.2783107855837051,0.0,0.8,0.12312720148895273,0.12312720148895273,1.2,unweighted,barabasi_albert_scale_free,walschaers_2016_coutinho_2022,0.0,far
0.39095376003514754,0.04791517255284785,0.8,0.12120602056317228,0.16617984751764583,0.0,unweighted,barabasi_albert_scale_free,walschaers_2016_coutinho_2022,0.0,high_centrality
0.3910120535244204,0.051422976535151266,0.8,0.1403520245561555,0.17712997868793812,0.6,unweighted,barabasi_albert_scale_free,walschaers_2016_coutinho_2022,0.0,high_centrality
0.47404121508069114,0.0,0.4,0.030122369486330514,0.030122369486330514,1.2,unweighted,barabasi_albert_scale_free,walschaers_2016_coutinho_2022,0.0,high_centrality
0.40714543266783565,0.06715202431031364,0.8,0.036592637189794754,0.07702025178536169,1.2,unweighted,barabasi_albert_scale_free,walschaers_2016_coutinho_2022,0.0,high_centrality
0.39095376003514754,0.04791517255284785,0.8,0.12120602056317228,0.16617984751764583,0.0,unweighted,barabasi_albert_scale_free,walschaers_2016_coutinho_2022,0.0,near
0.3910120535244204,0.051422976535151266,0.8,0.1403520245561555,0.17712997868793812,0.6,unweighted,barabasi_albert_scale_free,walschaers_2016_coutinho_2022,0.0,near
0.47404121508069114,0.0,0.4,0.030122369486330514,0.030122369486330514,1.2,unweighted,barabasi_albert_scale_free,walschaers_2016_coutinho_2022,0.0,near
0.40714543266783565,0.06715202431031364,0.8,0.036592637189794754,0.07702025178536169,1.2,unweighted,barabasi_albert_scale_free,walschaers_2016_coutinho_2022,0.0,near
0.5600567557607664,0.10787133260917303,0.0,0.0,0.0,0.0,unweighted,bottleneck,walschaers_2016_coutinho_2022,0.0,far
0.49653702948598305,0.07431785369732778,0.0,0.0,0.0,0.6,unweighted,bottleneck,walschaers_2016_coutinho_2022,0.0,far
0.40421292490273414,0.11300376104432966,0.0,0.0,0.0,1.2,unweighted,bottleneck,walschaers_2016_coutinho_2022,0.0,far
0.5620657800004698,0.11407758955767859,0.0,0.0,0.0,0.0,unweighted,bottleneck,walschaers_2016_coutinho_2022,0.0,high_centrality
0.4921096810902688,0.08618613595432079,0.0,0.0,0.0,0.6,unweighted,bottleneck,walschaers_2016_coutinho_2022,0.0,high_centrality
0.39955520067638606,0.10405599721235202,0.1,-0.008943280935482894,0.012489872356087617,0.6,unweighted,bottleneck,walschaers_2016_coutinho_2022,0.0,high_centrality
0.5351688451746015,0.03526000627908436,0.0,0.0,0.0,1.2,unweighted,bottleneck,walschaers_2016_coutinho_2022,0.0,high_centrality
0.40027767269938913,0.07335381300085374,0.1,-0.0012651707624129456,0.006898860365211164,1.2,unweighted,bottleneck,walschaers_2016_coutinho_2022,0.0,high_centrality
0.2437973843416488,0.0,0.4,0.040350108067499724,0.040350108067499724,1.2,unweighted,bottleneck,walschaers_2016_coutinho_2022,0.0,high_centrality
0.4190563668921765,0.02579910890511001,0.8,0.08669081175749149,0.1133885249212847,0.0,unweighted,bottleneck,walschaers_2016_coutinho_2022,0.0,near
0.4241646557176853,0.03108542046795122,0.8,0.07296032174652374,0.1037586085915843,0.6,unweighted,bottleneck,walschaers_2016_coutinho_2022,0.0,near
0.4753390856228574,0.0,0.1,0.00945894657262697,0.00945894657262697,1.2,unweighted,bottleneck,walschaers_2016_coutinho_2022,0.0,near
0.4434341475370543,0.03784741956197405,0.8,0.007444921302620866,0.058267589158659205,1.2,unweighted,bottleneck,walschaers_2016_coutinho_2022,0.0,near
0.5693218165298185,0.02057101530037941,0.0,0.0,0.0,0.0,unweighted,chain,walschaers_2016_coutinho_2022,0.0,far
0.44220658138557356,0.09857917716608884,0.0,0.0,0.0,0.6,unweighted,chain,walschaers_2016_coutinho_2022,0.0,far
0.2597051699714709,0.19580522713069734,0.0,0.0,0.0,1.2,unweighted,chain,walschaers_2016_coutinho_2022,0.0,far
0.19406372581464149,0.04839792837264954,0.1,-0.0008230348222520514,0.01979899328455874,1.2,unweighted,chain,walschaers_2016_coutinho_2022,0.0,far
0.422969758896534,0.030292693199660613,0.0,0.0,0.0,0.0,unweighted,chain,walschaers_2016_coutinho_2022,0.0,high_centrality
0.39470767512482074,0.03540985698700384,0.0,0.0,0.0,0.6,unweighted,chain,walschaers_2016_coutinho_2022,0.0,high_centrality
0.4076850032175005,0.0,0.1,0.010746786721506307,0.010746786721506307,0.6,unweighted,chain,walschaers_2016_coutinho_2022,0.0,high_centrality
0.41744598592048177,0.0,0.4,0.029701143902587324,0.029701143902587324,0.6,unweighted,chain,walschaers_2016_coutinho_2022,0.0,high_centrality
0.26944324247901624,0.07536333900151501,0.1,0.006229382305787828,0.01856436204454978,1.2,unweighted,chain,walschaers_2016_coutinho_2022,0.0,high_centrality
0.25800193533844756,0.0929275469665667,0.4,0.02979054987526023,0.055304244151786794,1.2,unweighted,chain,walschaers_2016_coutinho_2022,0.0,high_centrality
0.5492875629667812,0.00672942533536034,0.8,0.12567728687773533,0.17662367665338266,0.0,unweighted,chain,walschaers_2016_coutinho_2022,0.0,near
0.5655152178465969,0.017215897439634635,0.8,0.11985353418676215,0.16466226291915675,0.6,unweighted,chain,walschaers_2016_coutinho_2022,0.0,near
0.6028664447633463,0.02527254268742555,0.8,0.024443331788513635,0.06390763613841031,1.2,unweighted,chain,walschaers_2016_coutinho_2022,0.0,near
0.5600567557607666,0.10787133260917296,0.0,0.0,0.0,0.0,unweighted,clustered,walschaers_2016_coutinho_2022,0.0,far
0.4892346075146797,0.09409385263868746,0.0,0.0,0.0,0.6,unweighted,clustered,walschaers_2016_coutinho_2022,0.0,far
0.4439311824916593,0.050552926758108206,0.0,0.0,0.0,1.2,unweighted,clustered,walschaers_2016_coutinho_2022,0.0,far
0.19048541552420936,0.0,0.4,0.03623129851871243,0.03623129851871243,1.2,unweighted,clustered,walschaers_2016_coutinho_2022,0.0,far
0.5620657800004699,0.11407758955767838,0.0,0.0,0.0,0.0,unweighted,clustered,walschaers_2016_coutinho_2022,0.0,high_centrality
0.470277700486638,0.08918797734062806,0.0,0.0,0.0,0.6,unweighted,clustered,walschaers_2016_coutinho_2022,0.0,high_centrality
0.4731339019283686,0.0,0.1,0.023425154647705226,0.023425154647705226,0.6,unweighted,clustered,walschaers_2016_coutinho_2022,0.0,high_centrality
0.5351688451746015,0.03526000627908436,0.0,0.0,0.0,1.2,unweighted,clustered,walschaers_2016_coutinho_2022,0.0,high_centrality
0.3992195604611866,0.0749143453862696,0.1,0.0009440454878954551,0.002461541507975118,1.2,unweighted,clustered,walschaers_2016_coutinho_2022,0.0,high_centrality
0.25578834120791166,0.0,0.4,0.09685691960597209,0.09685691960597209,1.2,unweighted,clustered,walschaers_2016_coutinho_2022,0.0,high_centrality
0.41641827280136073,0.028128611999212585,0.8,0.08312549598158075,0.1113150085973464,0.0,unweighted,clustered,walschaers_2016_coutinho_2022,0.0,near
0.42087793024107456,0.03384918433174273,0.8,0.07086866216237253,0.10601847139348247,0.6,unweighted,clustered,walschaers_2016_coutinho_2022,0.0,near
0.4753390856228574,0.0,0.1,0.00945894657262697,0.00945894657262697,1.2,unweighted,clustered,walschaers_2016_coutinho_2022,0.0,near
0.44123515701609656,0.039447900683453115,0.8,0.06039093476992623,0.09485496882616588,1.2,unweighted,clustered,walschaers_2016_coutinho_2022,0.0,near
0.18102858919185558,0.05404513355384328,0.8,0.09041523642955933,0.11756785447600256,0.0,unweighted,complete,walschaers_2016_coutinho_2022,0.0,far
0.1905308048677985,0.06691362945468798,0.8,0.07586881556480543,0.09717117036060337,0.6,unweighted,complete,walschaers_2016_coutinho_2022,0.0,far
0.2045883787991305,0.0,0.0,0.0,0.0,1.2,unweighted,complete,walschaers_2016_coutinho_2022,0.0,far
0.21131631385643335,0.04452045095977497,0.8,0.0637495765575054,0.09635049989403147,1.2,unweighted,complete,walschaers_2016_coutinho_2022,0.0,far
0.18102858919185558,0.05404513355384328,0.8,0.09041523642955933,0.11756785447600256,0.0,unweighted,complete,walschaers_2016_coutinho_2022,0.0,high_centrality
0.1905308048677985,0.06691362945468798,0.8,0.07586881556480543,0.09717117036060337,0.6,unweighted,complete,walschaers_2016_coutinho_2022,0.0,high_centrality
0.2045883787991305,0.0,0.0,0.0,0.0,1.2,unweighted,complete,walschaers_2016_coutinho_2022,0.0,high_centrality
0.21131631385643335,0.04452045095977497,0.8,0.0637495765575054,0.09635049989403147,1.2,unweighted,complete,walschaers_2016_coutinho_2022,0.0,high_centrality
0.18102858919185558,0.05404513355384328,0.8,0.09041523642955933,0.11756785447600256,0.0,unweighted,complete,walschaers_2016_coutinho_2022,0.0,near
0.1905308048677985,0.06691362945468798,0.8,0.07586881556480543,0.09717117036060337,0.6,unweighted,complete,walschaers_2016_coutinho_2022,0.0,near
0.2045883787991305,0.0,0.0,0.0,0.0,1.2,unweighted,complete,walschaers_2016_coutinho_2022,0.0,near
0.21131631385643335,0.04452045095977497,0.8,0.0637495765575054,0.09635049989403147,1.2,unweighted,complete,walschaers_2016_coutinho_2022,0.0,near
0.3152983982754579,0.02611074348041383,0.4,-0.002542520780850245,0.04843836747594309,0.0,unweighted,erdos_renyi,walschaers_2016_coutinho_2022,0.0,far
0.240151722940292,0.0,0.8,0.06177438606463262,0.06177438606463262,0.0,unweighted,erdos_renyi,walschaers_2016_coutinho_2022,0.0,far
0.38392723629999165,0.0,0.0,0.0,0.0,0.6,unweighted,erdos_renyi,walschaers_2016_coutinho_2022,0.0,far
0.3063168209365832,0.019905077118726303,0.4,0.04161096264915039,0.058111344671432724,0.6,unweighted,erdos_renyi,walschaers_2016_coutinho_2022,0.0,far
0.24183065750783606,0.03578724079145773,0.8,0.07583618275997978,0.10103265513160314,0.6,unweighted,erdos_renyi,walschaers_2016_coutinho_2022,0.0,far
0.38831629186978367,0.0,0.0,0.0,0.0,1.2,unweighted,erdos_renyi,walschaers_2016_coutinho_2022,0.0,far
0.2622476700080643,0.045609057961836966,0.4,0.010296990532352448,0.023895538127601812,1.2,unweighted,erdos_renyi,walschaers_2016_coutinho_2022,0.0,far
0.26202465550632487,0.037313586947802665,0.8,0.11934013848518465,0.14898797370431763,1.2,unweighted,erdos_renyi,walschaers_2016_coutinho_2022,0.0,far
0.47957814936938453,0.0,0.0,0.0,0.0,0.0,unweighted,erdos_renyi,walschaers_2016_coutinho_2022,0.0,high_centrality
0.3864436345597424,0.029693316196632874,0.8,0.06196146254646245,0.10784619310976859,0.0,unweighted,erdos_renyi,walschaers_2016_coutinho_2022,0.0,high_centrality
0.3822953990224561,0.0,0.0,0.0,0.0,0.6,unweighted,erdos_renyi,walschaers_2016_coutinho_2022,0.0,high_centrality
0.4197166095807538,0.04975616091467249,0.8,0.014449088420892785,0.058062677722997835,0.6,unweighted,erdos_renyi,walschaers_2016_coutinho_2022,0.0,high_centrality
0.49753768069338206,0.08337480826613214,0.0,0.0,0.0,1.2,unweighted,erdos_renyi,walschaers_2016_coutinho_2022,0.0,high_centrality
0.4070652998727583,0.05423693865106068,0.8,0.08616131997100898,0.1279519184619517,1.2,unweighted,erdos_renyi,walschaers_2016_coutinho_2022,0.0,high_centrality
0.4579827068857644,0.0249362690623743,0.0,0.0,0.0,0.0,unweighted,erdos_renyi,walschaers_2016_coutinho_2022,0.0,near
0.4121588007086304,0.0,0.8,0.14839450159306183,0.14839450159306183,0.0,unweighted,erdos_renyi,walschaers_2016_coutinho_2022,0.0,near
0.4187274069221009,0.03780200606790953,0.8,0.03402014058776957,0.07719252293762958,0.6,unweighted,erdos_renyi,walschaers_2016_coutinho_2022,0.0,near
0.48966239008113954,0.09451215105759501,0.0,0.0,0.0,1.2,unweighted,erdos_renyi,walschaers_2016_coutinho_2022,0.0,near
0.410597642607845,0.0,0.1,0.0008052212065070008,0.0008052212065070008,1.2,unweighted,erdos_renyi,walschaers_2016_coutinho_2022,0.0,near
0.4321330728094626,0.025339866442453157,0.8,0.07649162473289957,0.11051864753168206,1.2,unweighted,erdos_renyi,walschaers_2016_coutinho_2022,0.0,near
0.22167716235681795,0.0,0.1,0.010605452258016596,0.010605452258016596,0.0,exponential_distance,modular_two_community,walschaers_2016_coutinho_2022,0.0,far
0.09003005645923676,0.0,0.4,0.03557251100919877,0.03557251100919877,0.0,exponential_distance,modular_two_community,walschaers_2016_coutinho_2022,0.0,far
0.0712426661111205,0.0,0.8,0.05918302479068399,0.05918302479068399,0.0,exponential_distance,modular_two_community,walschaers_2016_coutinho_2022,0.0,far
0.17604455198464075,0.07997052419874996,0.1,0.005680645667079881,0.015680366120562634,0.6,exponential_distance,modular_two_community,walschaers_2016_coutinho_2022,0.0,far
0.10161025414797226,0.027658324133097028,0.4,0.008071973036746175,0.024928888275587518,0.6,exponential_distance,modular_two_community,walschaers_2016_coutinho_2022,0.0,far
0.07364575904052803,0.0,0.8,0.03408516496004547,0.03408516496004547,0.6,exponential_distance,modular_two_community,walschaers_2016_coutinho_2022,0.0,far
0.21845971884422838,0.0439700169159617,0.0,0.0,0.0,1.2,exponential_distance,modular_two_community,walschaers_2016_coutinho_2022,0.0,far
0.19904157441949444,0.0,0.1,0.00407256474976872,0.00407256474976872,1.2,exponential_distance,modular_two_community,walschaers_2016_coutinho_2022,0.0,far
0.06917136337038093,0.017323086210414854,0.8,0.003681880043944822,0.021513705829821105,1.2,exponential_distance,modular_two_community,walschaers_2016_coutinho_2022,0.0,far
0.20242859041002,0.0,0.1,0.003473599952582229,0.003473599952582229,0.0,exponential_distance,modular_two_community,walschaers_2016_coutinho_2022,0.0,high_centrality
0.22469320911926607,0.0,0.4,0.03989176622087867,0.03989176622087867,0.0,exponential_distance,modular_two_community,walschaers_2016_coutinho_2022,0.0,high_centrality
0.19492523621013044,0.0,0.8,0.14166886561671735,0.14166886561671735,0.0,exponential_distance,modular_two_community,walschaers_2016_coutinho_2022,0.0,high_centrality
0.2815955245562813,0.022658359148687315,0.0,0.0,0.0,0.6,exponential_distance,modular_two_community,walschaers_2016_coutinho_2022,0.0,high_centrality
0.18053842057738628,0.0,0.4,0.04595597272889254,0.04595597272889254,0.6,exponential_distance,modular_two_community,walschaers_2016_coutinho_2022,0.0,high_centrality
0.2016277358950543,0.0046720417976271475,0.8,0.08397065918171244,0.10668349716215382,0.6,exponential_distance,modular_two_community,walschaers_2016_coutinho_2022,0.0,high_centrality
0.2738970210325484,0.03620690101386273,0.0,0.0,0.0,1.2,exponential_distance,modular_two_community,walschaers_2016_coutinho_2022,0.0,high_centrality
0.17932856630677044,0.0,0.4,0.018206908084975215,0.018206908084975215,1.2,exponential_distance,modular_two_community,walschaers_2016_coutinho_2022,0.0,high_centrality
0.17672261020025773,0.014990136885487702,0.8,0.04467852098366962,0.07124102732613506,1.2,exponential_distance,modular_two_community,walschaers_2016_coutinho_2022,0.0,high_centrality
0.20242859041002,0.0,0.1,0.003473599952582229,0.003473599952582229,0.0,exponential_distance,modular_two_community,walschaers_2016_coutinho_2022,0.0,near
0.22469320911926607,0.0,0.4,0.03989176622087867,0.03989176622087867,0.0,exponential_distance,modular_two_community,walschaers_2016_coutinho_2022,0.0,near
0.510102841733753,0.0,0.8,0.2532800717295346,0.2532800717295346,0.0,exponential_distance,modular_two_community,walschaers_2016_coutinho_2022,0.0,near
0.2815955245562813,0.022658359148687315,0.0,0.0,0.0,0.6,exponential_distance,modular_two_community,walschaers_2016_coutinho_2022,0.0,near
0.18053842057738628,0.0,0.4,0.04595597272889254,0.04595597272889254,0.6,exponential_distance,modular_two_community,walschaers_2016_coutinho_2022,0.0,near
0.5279344856029591,0.0184445035066886,0.8,0.22751548278213898,0.2534743277861372,0.6,exponential_distance,modular_two_community,walschaers_2016_coutinho_2022,0.0,near
0.2738970210325484,0.03620690101386273,0.0,0.0,0.0,1.2,exponential_distance,modular_two_community,walschaers_2016_coutinho_2022,0.0,near
0.17932856630677044,0.0,0.4,0.018206908084975215,0.018206908084975215,1.2,exponential_distance,modular_two_community,walschaers_2016_coutinho_2022,0.0,near
0.3980285701691974,0.2003662141583713,0.8,0.042709613476142924,0.1656772130773618,1.2,exponential_distance,modular_two_community,walschaers_2016_coutinho_2022,0.0,near
0.3719340713728723,0.0,0.1,0.000382596696770654,0.000382596696770654,0.0,unweighted,modular_two_community,walschaers_2016_coutinho_2022,0.0,far
0.2028638460580881,0.004372108555408954,0.8,0.03210542510618703,0.08343610811501298,0.0,unweighted,modular_two_community,walschaers_2016_coutinho_2022,0.0,far
0.3505532819881298,0.17300089660599208,0.0,0.0,0.0,0.6,unweighted,modular_two_community,walschaers_2016_coutinho_2022,0.0,far
0.3481210913465839,0.0,0.4,0.09242198207260938,0.09242198207260938,0.6,unweighted,modular_two_community,walschaers_2016_coutinho_2022,0.0,far
0.21577122776485388,0.01245039436572888,0.8,0.05092978918628742,0.1049765365615935,0.6,unweighted,modular_two_community,walschaers_2016_coutinho_2022,0.0,far
0.4372376310998357,0.0,0.0,0.0,0.0,1.2,unweighted,modular_two_community,walschaers_2016_coutinho_2022,0.0,far
0.3638486553215619,0.0,0.4,0.09188032350441583,0.09188032350441583,1.2,unweighted,modular_two_community,walschaers_2016_coutinho_2022,0.0,far
0.2026224741613753,0.029973453759399665,0.8,0.02842331394284718,0.06494759696742777,1.2,unweighted,modular_two_community,walschaers_2016_coutinho_2022,0.0,far
0.4227706893925399,0.058343269055335295,0.0,0.0,0.0,0.0,unweighted,modular_two_community,walschaers_2016_coutinho_2022,0.0,high_centrality
0.3420262894759916,0.0,0.8,0.11175617071046348,0.11175617071046348,0.0,unweighted,modular_two_community,walschaers_2016_coutinho_2022,0.0,high_centrality
0.48830326220378595,0.014060306998392542,0.0,0.0,0.0,0.6,unweighted,modular_two_community,walschaers_2016_coutinho_2022,0.0,high_centrality
0.37493372738453234,0.0,0.1,0.0014756425131371986,0.0014756425131371986,0.6,unweighted,modular_two_community,walschaers_2016_coutinho_2022,0.0,high_centrality
0.35495850235264625,0.0026113664707438354,0.8,0.03187095296131605,0.05756831735076279,0.6,unweighted,modular_two_community,walschaers_2016_coutinho_2022,0.0,high_centrality
0.4315429592854797,0.059461331323222795,0.0,0.0,0.0,1.2,unweighted,modular_two_community,walschaers_2016_coutinho_2022,0.0,high_centrality
0.41620974336435795,0.0,0.1,0.00031581823286824795,0.00031581823286824795,1.2,unweighted,modular_two_community,walschaers_2016_coutinho_2022,0.0,high_centrality
0.3540364230901387,0.0,0.4,0.04015556522822855,0.04015556522822855,1.2,unweighted,modular_two_community,walschaers_2016_coutinho_2022,0.0,high_centrality
0.34721909596667944,0.012732846818354902,0.8,0.09182385377682493,0.13208963771822055,1.2,unweighted,modular_two_community,walschaers_2016_coutinho_2022,0.0,high_centrality
0.4227706893925399,0.058343269055335295,0.0,0.0,0.0,0.0,unweighted,modular_two_community,walschaers_2016_coutinho_2022,0.0,near
0.48694045921087303,0.0,0.8,0.26226651393551725,0.26226651393551725,0.0,unweighted,modular_two_community,walschaers_2016_coutinho_2022,0.0,near
0.48830326220378595,0.014060306998392542,0.0,0.0,0.0,0.6,unweighted,modular_two_community,walschaers_2016_coutinho_2022,0.0,near
0.37493372738453234,0.0,0.1,0.0014756425131371986,0.0014756425131371986,0.6,unweighted,modular_two_community,walschaers_2016_coutinho_2022,0.0,near
0.49153603596194795,0.00126524881358095,0.8,0.14984825428007822,0.20130727265389262,0.6,unweighted,modular_two_community,walschaers_2016_coutinho_2022,0.0,near
0.4315429592854797,0.059461331323222795,0.0,0.0,0.0,1.2,unweighted,modular_two_community,walschaers_2016_coutinho_2022,0.0,near
0.41620974336435795,0.0,0.1,0.00031581823286824795,0.00031581823286824795,1.2,unweighted,modular_two_community,walschaers_2016_coutinho_2022,0.0,near
0.3540364230901387,0.0,0.4,0.04015556522822855,0.04015556522822855,1.2,unweighted,modular_two_community,walschaers_2016_coutinho_2022,0.0,near
0.47698066191842914,0.0017814720392395414,0.8,0.23741504850809442,0.2632649409876832,1.2,unweighted,modular_two_community,walschaers_2016_coutinho_2022,0.0,near
0.4199805991358039,0.0,0.0,0.0,0.0,0.0,exponential_distance,random_geometric,walschaers_2016_coutinho_2022,0.0,far
0.24959480739051973,0.0,0.1,0.018518455373327747,0.018518455373327747,0.0,exponential_distance,random_geometric,walschaers_2016_coutinho_2022,0.0,far
0.0013021131242865194,0.0,0.4,0.0007535211848021399,0.0007535211848021399,0.0,exponential_distance,random_geometric,walschaers_2016_coutinho_2022,0.0,far
0.23242740051707514,0.0,0.0,0.0,0.0,0.6,exponential_distance,random_geometric,walschaers_2016_coutinho_2022,0.0,far
0.1443304214816513,0.20129689401079248,0.1,-0.001652724886659403,0.0019912041527188765,0.6,exponential_distance,random_geometric,walschaers_2016_coutinho_2022,0.0,far
0.0006746187948685824,0.0,0.4,0.0005960117737915374,0.0005960117737915374,0.6,exponential_distance,random_geometric,walschaers_2016_coutinho_2022,0.0,far
0.3815510333240606,0.009601090004003466,0.8,0.010284966070382165,0.04601846765135573,0.6,exponential_distance,random_geometric,walschaers_2016_coutinho_2022,0.0,far
0.3225901437474572,0.12069872065655654,0.0,0.0,0.0,1.2,exponential_distance,random_geometric,walschaers_2016_coutinho_2022,0.0,far
0.0005781224646539262,8.739415089435342e-06,0.1,-6.155935045512877e-05,6.970355491175368e-05,1.2,exponential_distance,random_geometric,walschaers_2016_coutinho_2022,0.0,far
0.18677535394089584,0.0,0.8,0.06735400372462695,0.06735400372462695,1.2,exponential_distance,random_geometric,walschaers_2016_coutinho_2022,0.0,far
0.34425435190373166,0.0,0.4,0.13218942821405266,0.13218942821405266,0.0,exponential_distance,random_geometric,walschaers_2016_coutinho_2022,0.0,high_centrality
0.33980234694435935,0.03607893456292539,0.8,0.02834343471612939,0.05727159991691036,0.0,exponential_distance,random_geometric,walschaers_2016_coutinho_2022,0.0,high_centrality
0.4020480409761181,0.01034006418789716,0.0,0.0,0.0,0.6,exponential_distance,random_geometric,walschaers_2016_coutinho_2022,0.0,high_centrality
0.3672140064119337,0.0,0.4,0.06220262173162422,0.06220262173162422,0.6,exponential_distance,random_geometric,walschaers_2016_coutinho_2022,0.0,high_centrality
0.31134088877623245,0.045666023756382866,0.8,0.08456822843303849,0.1378379995344513,0.6,exponential_distance,random_geometric,walschaers_2016_coutinho_2022,0.0,high_centrality
0.4222655554121989,0.0,0.0,0.0,0.0,1.2,exponential_distance,random_geometric,walschaers_2016_coutinho_2022,0.0,high_centrality
0.44173199639481486,0.0,0.1,0.0037790709985068838,0.0037790709985068838,1.2,exponential_distance,random_geometric,walschaers_2016_coutinho_2022,0.0,high_centrality
0.28860683079181043,0.0,0.4,0.03851327443111363,0.03851327443111363,1.2,exponential_distance,random_geometric,walschaers_2016_coutinho_2022,0.0,high_centrality
0.2854223063541255,0.04962533013630809,0.8,0.11910832615851638,0.15839025537892043,1.2,exponential_distance,random_geometric,walschaers_2016_coutinho_2022,0.0,high_centrality
0.5592162892666187,0.0,0.1,0.00563890613754614,0.00563890613754614,0.0,exponential_distance,random_geometric,walschaers_2016_coutinho_2022,0.0,near
0.3517550754196583,0.022277112557396662,0.8,0.07775384116636852,0.08045149067545501,0.0,exponential_distance,random_geometric,walschaers_2016_coutinho_2022,0.0,near
0.5268797510688802,0.10235290761032988,0.0,0.0,0.0,0.6,exponential_distance,random_geometric,walschaers_2016_coutinho_2022,0.0,near
0.3287367839101834,0.02987552449301899,0.8,0.04846500971376288,0.09769192055720055,0.6,exponential_distance,random_geometric,walschaers_2016_coutinho_2022,0.0,near
0.4222655554121989,0.0,0.0,0.0,0.0,1.2,exponential_distance,random_geometric,walschaers_2016_coutinho_2022,0.0,near
0.44173199639481486,0.0,0.1,0.0037790709985068838,0.0037790709985068838,1.2,exponential_distance,random_geometric,walschaers_2016_coutinho_2022,0.0,near
0.41607641138963325,0.08790971575318353,0.8,-0.002976939449441038,0.05798288411229627,1.2,exponential_distance,random_geometric,walschaers_2016_coutinho_2022,0.0,near
0.5596053181406268,0.0,0.0,0.0,0.0,0.0,unweighted,random_geometric,walschaers_2016_coutinho_2022,0.0,far
0.259115875837427,0.07955067742834321,0.4,0.006112009755450804,0.03228506852286252,0.0,unweighted,random_geometric,walschaers_2016_coutinho_2022,0.0,far
0.35860196613014866,0.0,0.0,0.0,0.0,0.6,unweighted,random_geometric,walschaers_2016_coutinho_2022,0.0,far
0.4558005039346682,0.0,0.1,0.000441586016590223,0.000441586016590223,0.6,unweighted,random_geometric,walschaers_2016_coutinho_2022,0.0,far
0.2706800591847079,0.1291088176094856,0.4,0.017107690728493927,0.03980037065838654,0.6,unweighted,random_geometric,walschaers_2016_coutinho_2022,0.0,far
0.46901166805790995,0.0,0.0,0.0,0.0,1.2,unweighted,random_geometric,walschaers_2016_coutinho_2022,0.0,far
0.22176972480468518,0.09834440951929357,0.4,0.029362509537954537,0.060781565940993085,1.2,unweighted,random_geometric,walschaers_2016_coutinho_2022,0.0,far
0.27671520856564197,0.16391267534952508,0.8,0.023932419022098517,0.05104164747509324,1.2,unweighted,random_geometric,walschaers_2016_coutinho_2022,0.0,far
0.34459900948699856,0.020420943056599257,0.8,0.05747587850067009,0.10128134649202425,0.0,unweighted,random_geometric,walschaers_2016_coutinho_2022,0.0,high_centrality
0.3449962649938058,0.024240736759693484,0.8,0.10798834967509924,0.14128644780904073,0.6,unweighted,random_geometric,walschaers_2016_coutinho_2022,0.0,high_centrality
0.3412615833062839,0.03233703122327985,0.8,0.0908381733257409,0.13308901441274504,1.2,unweighted,random_geometric,walschaers_2016_coutinho_2022,0.0,high_centrality
0.46314947715137056,0.013553353706643949,0.0,0.0,0.0,0.0,unweighted,random_geometric,walschaers_2016_coutinho_2022,0.0,near
0.3682760966128233,0.0,0.8,0.048173397316331634,0.048173397316331634,0.0,unweighted,random_geometric,walschaers_2016_coutinho_2022,0.0,near
0.426810566748931,0.02137040198613112,0.0,0.0,0.0,0.6,unweighted,random_geometric,walschaers_2016_coutinho_2022,0.0,near
0.3825402943331696,0.012897461383760364,0.8,0.03555416570880382,0.08834725094281604,0.6,unweighted,random_geometric,walschaers_2016_coutinho_2022,0.0,near
0.4241332284212754,0.0,0.0,0.0,0.0,1.2,unweighted,random_geometric,walschaers_2016_coutinho_2022,0.0,near
0.3766644858038563,0.011239070240578936,0.8,0.03014857802701864,0.07334430805917644,1.2,unweighted,random_geometric,walschaers_2016_coutinho_2022,0.0,near
0.6530658407503059,0.07032288720710717,0.0,0.0,0.0,0.0,exponential_distance,ring,walschaers_2016_coutinho_2022,0.0,far
0.519625076576099,0.06768902189826799,0.0,0.0,0.0,0.6,exponential_distance,ring,walschaers_2016_coutinho_2022,0.0,far
0.418509428046251,0.0,0.4,0.030245031554342106,0.030245031554342106,0.6,exponential_distance,ring,walschaers_2016_coutinho_2022,0.0,far
0.46044208403658454,0.16632654772084074,0.0,0.0,0.0,1.2,exponential_distance,ring,walschaers_2016_coutinho_2022,0.0,far
0.34599214826932273,0.0,0.1,0.017839047115104534,0.017839047115104534,1.2,exponential_distance,ring,walschaers_2016_coutinho_2022,0.0,far
0.24659898143485764,0.04235291346497414,0.4,0.013636226154497683,0.02238891690719237,1.2,exponential_distance,ring,walschaers_2016_coutinho_2022,0.0,far
0.43109796528038474,0.03700013672868643,0.8,0.11614294352808516,0.13150675051768898,0.0,exponential_distance,ring,walschaers_2016_coutinho_2022,0.0,high_centrality
0.4374573483417346,0.040225145709885314,0.8,0.06817057874736349,0.08017650361391264,0.6,exponential_distance,ring,walschaers_2016_coutinho_2022,0.0,high_centrality
0.47776589038832445,0.019476599519244474,0.0,0.0,0.0,1.2,exponential_distance,ring,walschaers_2016_coutinho_2022,0.0,high_centrality
0.443716943068029,0.04312789909590821,0.8,0.05644161573965097,0.08769555524952527,1.2,exponential_distance,ring,walschaers_2016_coutinho_2022,0.0,high_centrality
0.43109796528038474,0.03700013672868643,0.8,0.11614294352808516,0.13150675051768898,0.0,exponential_distance,ring,walschaers_2016_coutinho_2022,0.0,near
0.4374573483417346,0.040225145709885314,0.8,0.06817057874736349,0.08017650361391264,0.6,exponential_distance,ring,walschaers_2016_coutinho_2022,0.0,near
0.47776589038832445,0.019476599519244474,0.0,0.0,0.0,1.2,exponential_distance,ring,walschaers_2016_coutinho_2022,0.0,near
0.443716943068029,0.04312789909590821,0.8,0.05644161573965097,0.08769555524952527,1.2,exponential_distance,ring,walschaers_2016_coutinho_2022,0.0,near
0.6530658407503055,0.07032288720710735,0.0,0.0,0.0,0.0,unweighted,ring,walschaers_2016_coutinho_2022,0.0,far
0.519625076576099,0.06768902189826767,0.0,0.0,0.0,0.6,unweighted,ring,walschaers_2016_coutinho_2022,0.0,far
0.4185094280462513,0.0,0.4,0.030245031554342383,0.030245031554342383,0.6,unweighted,ring,walschaers_2016_coutinho_2022,0.0,far
0.4604420840365842,0.1663265477208404,0.0,0.0,0.0,1.2,unweighted,ring,walschaers_2016_coutinho_2022,0.0,far
0.3459921482693229,0.0,0.1,0.017839047115104534,0.017839047115104534,1.2,unweighted,ring,walschaers_2016_coutinho_2022,0.0,far
0.2465989814348578,0.042352913464973795,0.4,0.013636226154497562,0.022388916907192385,1.2,unweighted,ring,walschaers_2016_coutinho_2022,0.0,far
0.4310979652803851,0.03700013672868616,0.8,0.11614294352808592,0.13150675051768926,0.0,unweighted,ring,walschaers_2016_coutinho_2022,0.0,high_centrality
0.4374573483417348,0.040225145709885,0.8,0.06817057874736326,0.08017650361391263,0.6,unweighted,ring,walschaers_2016_coutinho_2022,0.0,high_centrality
0.47776589038832445,0.019476599519244818,0.0,0.0,0.0,1.2,unweighted,ring,walschaers_2016_coutinho_2022,0.0,high_centrality
0.4437169430680294,0.043127899095908175,0.8,0.0564416157396513,0.08769555524952549,1.2,unweighted,ring,walschaers_2016_coutinho_2022,0.0,high_centrality
0.4310979652803851,0.03700013672868616,0.8,0.11614294352808592,0.13150675051768926,0.0,unweighted,ring,walschaers_2016_coutinho_2022,0.0,near
0.4374573483417348,0.040225145709885,0.8,0.06817057874736326,0.08017650361391263,0.6,unweighted,ring,walschaers_2016_coutinho_2022,0.0,near
0.47776589038832445,0.019476599519244818,0.0,0.0,0.0,1.2,unweighted,ring,walschaers_2016_coutinho_2022,0.0,near
0.4437169430680294,0.043127899095908175,0.8,0.0564416157396513,0.08769555524952549,1.2,unweighted,ring,walschaers_2016_coutinho_2022,0.0,near
0.510042330112569,0.0,0.0,0.0,0.0,0.0,unweighted,square_lattice_2d,walschaers_2016_coutinho_2022,0.0,far
0.33092673787682797,0.0,0.4,0.02152856054793323,0.02152856054793323,0.0,unweighted,square_lattice_2d,walschaers_2016_coutinho_2022,0.0,far
0.45021367300675624,0.0,0.8,0.08378556170528773,0.08378556170528773,0.0,unweighted,square_lattice_2d,walschaers_2016_coutinho_2022,0.0,far
0.5275340326295141,0.015448115275078377,0.0,0.0,0.0,0.6,unweighted,square_lattice_2d,walschaers_2016_coutinho_2022,0.0,far
0.4447717442873659,0.0,0.4,0.029378591712349023,0.029378591712349023,0.6,unweighted,square_lattice_2d,walschaers_2016_coutinho_2022,0.0,far
0.31357979468982733,0.011551262996156364,0.8,0.091800086343666,0.11271378142031956,0.6,unweighted,square_lattice_2d,walschaers_2016_coutinho_2022,0.0,far
0.5088860224108852,0.10033887264547453,0.0,0.0,0.0,1.2,unweighted,square_lattice_2d,walschaers_2016_coutinho_2022,0.0,far
0.3324097811154189,0.0,0.1,0.001031186680646723,0.001031186680646723,1.2,unweighted,square_lattice_2d,walschaers_2016_coutinho_2022,0.0,far
0.3927845033129487,0.046212557759017184,0.4,0.012545111799269482,0.021840644940179066,1.2,unweighted,square_lattice_2d,walschaers_2016_coutinho_2022,0.0,far
0.3930499180586679,0.05759040512580002,0.8,0.11078850059800265,0.15322616737106518,0.0,unweighted,square_lattice_2d,walschaers_2016_coutinho_2022,0.0,high_centrality
0.3966071619241606,0.06373827671848466,0.8,0.0999932852160837,0.1468466987270707,0.6,unweighted,square_lattice_2d,walschaers_2016_coutinho_2022,0.0,high_centrality
0.3177767410481137,0.0,0.0,0.0,0.0,1.2,unweighted,square_lattice_2d,walschaers_2016_coutinho_2022,0.0,high_centrality
0.40609607225903543,0.05406443562401352,0.8,0.05671782626264016,0.1108565618176276,1.2,unweighted,square_lattice_2d,walschaers_2016_coutinho_2022,0.0,high_centrality
0.4031813492310432,0.04423137508692977,0.8,0.08999559258987944,0.14373332416193452,0.0,unweighted,square_lattice_2d,walschaers_2016_coutinho_2022,0.0,near
0.39578387016449934,0.0,0.0,0.0,0.0,0.6,unweighted,square_lattice_2d,walschaers_2016_coutinho_2022,0.0,near
0.4172817801166645,0.04907992675027646,0.8,0.10424220888092185,0.15585301807235474,0.6,unweighted,square_lattice_2d,walschaers_2016_coutinho_2022,0.0,near
0.42460411355883815,0.0,0.0,0.0,0.0,1.2,unweighted,square_lattice_2d,walschaers_2016_coutinho_2022,0.0,near
0.4126376964428985,0.04149406630476185,0.8,0.08627288610999878,0.12340867197038782,1.2,unweighted,square_lattice_2d,walschaers_2016_coutinho_2022,0.0,near
0.17200655347502677,0.05308272954017996,0.8,0.09318063186057073,0.11944162891266874,0.0,unweighted,star,walschaers_2016_coutinho_2022,0.0,far
0.1820914030784578,0.05671611547932754,0.8,0.057109700723159955,0.09281365944856497,0.6,unweighted,star,walschaers_2016_coutinho_2022,0.0,far
0.42788730345830434,0.0,0.0,0.0,0.0,1.2,unweighted,star,walschaers_2016_coutinho_2022,0.0,far
0.1825626528444009,0.050236262101788026,0.8,0.060008262927105,0.08246348476368519,1.2,unweighted,star,walschaers_2016_coutinho_2022,0.0,far
0.33611168083124016,0.052384480641873135,0.8,0.20499207372930395,0.22960574219535357,0.0,unweighted,star,walschaers_2016_coutinho_2022,0.0,high_centrality
0.34062929914250334,0.05527247500435012,0.8,0.20187183624013116,0.2257817417969652,0.6,unweighted,star,walschaers_2016_coutinho_2022,0.0,high_centrality
0.34952471677821073,0.06543972531096715,0.8,0.17704814581781883,0.19342104826692222,1.2,unweighted,star,walschaers_2016_coutinho_2022,0.0,high_centrality
0.33611168083124016,0.052384480641873135,0.8,0.20499207372930395,0.22960574219535357,0.0,unweighted,star,walschaers_2016_coutinho_2022,0.0,near
0.34062929914250334,0.05527247500435012,0.8,0.20187183624013116,0.2257817417969652,0.6,unweighted,star,walschaers_2016_coutinho_2022,0.0,near
0.34952471677821073,0.06543972531096715,0.8,0.17704814581781883,0.19342104826692222,1.2,unweighted,star,walschaers_2016_coutinho_2022,0.0,near
0.31149943642313016,0.0,0.4,0.01273086388314193,0.01273086388314193,0.0,unweighted,watts_strogatz_small_world,walschaers_2016_coutinho_2022,0.0,far
0.4464953189603016,0.013916072491572536,0.8,0.05584189205075775,0.06683731573334337,0.0,unweighted,watts_strogatz_small_world,walschaers_2016_coutinho_2022,0.0,far
0.4184135637997213,0.060234581321931976,0.0,0.0,0.0,0.6,unweighted,watts_strogatz_small_world,walschaers_2016_coutinho_2022,0.0,far
0.3824545019512793,0.1371472818202891,0.4,0.0265272348540321,0.043951974050816967,0.6,unweighted,watts_strogatz_small_world,walschaers_2016_coutinho_2022,0.0,far
0.4447116386515312,4.435883178762305e-05,0.8,-0.04350886375068935,0.08756067447615615,0.6,unweighted,watts_strogatz_small_world,walschaers_2016_coutinho_2022,0.0,far
0.5192098326241338,0.0942120934218768,0.0,0.0,0.0,1.2,unweighted,watts_strogatz_small_world,walschaers_2016_coutinho_2022,0.0,far
0.37162423447662785,0.0,0.1,0.01179530009888774,0.01179530009888774,1.2,unweighted,watts_strogatz_small_world,walschaers_2016_coutinho_2022,0.0,far
0.4219020308912701,0.021488523219994872,0.8,0.03288541608567083,0.18396988040725085,1.2,unweighted,watts_strogatz_small_world,walschaers_2016_coutinho_2022,0.0,far
0.3952406360408128,0.0,0.0,0.0,0.0,0.0,unweighted,watts_strogatz_small_world,walschaers_2016_coutinho_2022,0.0,high_centrality
0.45018052252540275,0.018171379032231916,0.8,0.05084247068088224,0.10482495556096177,0.0,unweighted,watts_strogatz_small_world,walschaers_2016_coutinho_2022,0.0,high_centrality
0.40952154928838264,0.07280978884068545,0.0,0.0,0.0,0.6,unweighted,watts_strogatz_small_world,walschaers_2016_coutinho_2022,0.0,high_centrality
0.42656036844140954,0.06290538611380429,0.8,0.030299287348077623,0.08950725933176286,0.6,unweighted,watts_strogatz_small_world,walschaers_2016_coutinho_2022,0.0,high_centrality
0.5097623911090706,0.11042832748957361,0.0,0.0,0.0,1.2,unweighted,watts_strogatz_small_world,walschaers_2016_coutinho_2022,0.0,high_centrality
0.4166324261237711,0.09139330900836579,0.8,0.06246830320516192,0.11864926993093376,1.2,unweighted,watts_strogatz_small_world,walschaers_2016_coutinho_2022,0.0,high_centrality
0.5153177944990827,0.0,0.0,0.0,0.0,0.0,unweighted,watts_strogatz_small_world,walschaers_2016_coutinho_2022,0.0,near
0.37604239715782295,0.0,0.4,0.04264321784781949,0.04264321784781949,0.0,unweighted,watts_strogatz_small_world,walschaers_2016_coutinho_2022,0.0,near
0.35165304330207053,0.0,0.8,0.1359640193097258,0.1359640193097258,0.0,unweighted,watts_strogatz_small_world,walschaers_2016_coutinho_2022,0.0,near
0.6069935201754084,0.0,0.0,0.0,0.0,0.6,unweighted,watts_strogatz_small_world,walschaers_2016_coutinho_2022,0.0,near
0.3728254429342472,0.0,0.4,0.04764311470431004,0.04764311470431004,0.6,unweighted,watts_strogatz_small_world,walschaers_2016_coutinho_2022,0.0,near
0.3785193626190415,0.042946768758466536,0.8,0.046525215938136334,0.1056346954516168,0.6,unweighted,watts_strogatz_small_world,walschaers_2016_coutinho_2022,0.0,near
0.43689222287169605,0.07176577834260515,0.4,-0.01284386264344084,0.038422143320137936,1.2,unweighted,watts_strogatz_small_world,walschaers_2016_coutinho_2022,0.0,near
0.38667573856474463,0.03555052128007407,0.8,0.01820342612687744,0.05964087714895383,1.2,unweighted,watts_strogatz_small_world,walschaers_2016_coutinho_2022,0.0,near
