family,n_sites,target_style,disorder_strength_over_coupling,dephasing_over_coupling,arrival_quantum,arrival_classical,arrival_delta_quantum_minus_classical,quantum_hitting_time,classical_hitting_time,quantum_loss,classical_loss,comparison_label
ring,8,near,0.0,1.4,0.4316589447464489,0.4496091735030281,-0.0179502287565792,1.2658227848101267,1.3924050632911393,0.1316847989406951,0.1278537050096948,classical_explains
ring,8,near,0.0,1.4,0.4316589447464489,0.4496091735030281,-0.0179502287565792,1.2658227848101267,1.3924050632911393,0.1316847989406951,0.1278537050096948,classical_explains
ring,8,near,0.4,1.4,0.42845067236636086,0.4496091735030281,-0.02115850113666723,1.2658227848101267,1.3924050632911393,0.13215092623077038,0.1278537050096948,classical_explains
ring,8,near,0.4,1.4,0.4308942746576659,0.4496091735030281,-0.018714898845362204,1.2658227848101267,1.3924050632911393,0.13163311158040011,0.1278537050096948,classical_explains
ring,8,near,0.8,1.4,0.4228636758798693,0.4496091735030281,-0.02674549762315881,1.2658227848101267,1.3924050632911393,0.1326407900682994,0.1278537050096948,classical_explains
ring,8,near,0.8,1.4,0.419042322029716,0.4496091735030281,-0.030566851473312118,1.2658227848101267,1.3924050632911393,0.13355178391261785,0.1278537050096948,classical_explains
ring,8,far,0.0,0.0,0.6808388371021985,0.1862977652668463,0.49454107183535223,2.278481012658228,6.835443037974684,0.10851894815353814,0.16841587702547697,quantum_advantage_like
ring,8,far,0.0,0.0,0.6808388371021985,0.1862977652668463,0.49454107183535223,2.278481012658228,6.835443037974684,0.10851894815353814,0.16841587702547697,quantum_advantage_like
ring,8,far,0.4,0.0,0.6648441980789372,0.1862977652668463,0.47854643281209097,2.278481012658228,6.835443037974684,0.11226860024063991,0.16841587702547697,quantum_advantage_like
ring,8,far,0.4,0.0,0.60826571848275,0.1862977652668463,0.42196795321590375,2.278481012658228,6.835443037974684,0.11592570655708881,0.16841587702547697,quantum_advantage_like
ring,8,far,0.8,0.0,0.4682922660758908,0.1862977652668463,0.28199450080904453,2.405063291139241,6.835443037974684,0.1297295904303798,0.16841587702547697,quantum_advantage_like
ring,8,far,0.8,0.0,0.4547844037286154,0.1862977652668463,0.2684866384617691,2.5316455696202533,6.835443037974684,0.13540619178536373,0.16841587702547697,quantum_advantage_like
ring,8,high_centrality,0.0,1.4,0.4316589447464489,0.4496091735030281,-0.0179502287565792,1.2658227848101267,1.3924050632911393,0.1316847989406951,0.1278537050096948,classical_explains
ring,8,high_centrality,0.0,1.4,0.4316589447464489,0.4496091735030281,-0.0179502287565792,1.2658227848101267,1.3924050632911393,0.1316847989406951,0.1278537050096948,classical_explains
ring,8,high_centrality,0.4,1.4,0.42845067236636086,0.4496091735030281,-0.02115850113666723,1.2658227848101267,1.3924050632911393,0.13215092623077038,0.1278537050096948,classical_explains
ring,8,high_centrality,0.4,1.4,0.4308942746576659,0.4496091735030281,-0.018714898845362204,1.2658227848101267,1.3924050632911393,0.13163311158040011,0.1278537050096948,classical_explains
ring,8,high_centrality,0.8,1.4,0.4228636758798693,0.4496091735030281,-0.02674549762315881,1.2658227848101267,1.3924050632911393,0.1326407900682994,0.1278537050096948,classical_explains
ring,8,high_centrality,0.8,1.4,0.419042322029716,0.4496091735030281,-0.030566851473312118,1.2658227848101267,1.3924050632911393,0.13355178391261785,0.1278537050096948,classical_explains
ring,8,low_centrality,0.0,1.4,0.4316589447464489,0.4496091735030281,-0.0179502287565792,1.2658227848101267,1.3924050632911393,0.1316847989406951,0.1278537050096948,classical_explains
ring,8,low_centrality,0.0,1.4,0.4316589447464489,0.4496091735030281,-0.0179502287565792,1.2658227848101267,1.3924050632911393,0.1316847989406951,0.1278537050096948,classical_explains
ring,8,low_centrality,0.4,1.4,0.42845067236636086,0.4496091735030281,-0.02115850113666723,1.2658227848101267,1.3924050632911393,0.13215092623077038,0.1278537050096948,classical_explains
ring,8,low_centrality,0.4,1.4,0.4308942746576659,0.4496091735030281,-0.018714898845362204,1.2658227848101267,1.3924050632911393,0.13163311158040011,0.1278537050096948,classical_explains
ring,8,low_centrality,0.8,1.4,0.4228636758798693,0.4496091735030281,-0.02674549762315881,1.2658227848101267,1.3924050632911393,0.1326407900682994,0.1278537050096948,classical_explains
ring,8,low_centrality,0.8,1.4,0.419042322029716,0.4496091735030281,-0.030566851473312118,1.2658227848101267,1.3924050632911393,0.13355178391261785,0.1278537050096948,classical_explains
ring,10,near,0.0,1.4,0.39538068609484583,0.44035415677894607,-0.044973470684100236,1.2658227848101267,1.3924050632911393,0.13399275794973659,0.12827511178806347,classical_explains
ring,10,near,0.0,1.4,0.39538068609484583,0.44035415677894607,-0.044973470684100236,1.2658227848101267,1.3924050632911393,0.13399275794973659,0.12827511178806347,classical_explains
ring,10,near,0.4,1.4,0.3930455066068484,0.44035415677894607,-0.04730865017209768,1.2658227848101267,1.3924050632911393,0.13428190914021665,0.12827511178806347,classical_explains
ring,10,near,0.4,1.4,0.3988674577769373,0.44035415677894607,-0.0414866990020088,1.2658227848101267,1.3924050632911393,0.13344180702498928,0.12827511178806347,classical_explains
ring,10,near,0.8,1.4,0.3934318287083689,0.44035415677894607,-0.04692232807057717,1.2658227848101267,1.3924050632911393,0.13429951626883088,0.12827511178806347,classical_explains
ring,10,near,0.8,1.4,0.40672188639835755,0.44035415677894607,-0.033632270380588525,1.2658227848101267,1.3924050632911393,0.13243231412803955,0.12827511178806347,classical_explains
ring,10,far,0.0,0.0,0.6225083181890899,0.0968043164973818,0.5257040016917081,2.9113924050632916,10.0,0.12506275241233733,0.17559947409961602,quantum_advantage_like
ring,10,far,0.0,0.0,0.6225083181890899,0.0968043164973818,0.5257040016917081,2.9113924050632916,10.0,0.12506275241233733,0.17559947409961602,quantum_advantage_like
ring,10,far,0.4,0.0,0.37967538668038303,0.0968043164973818,0.2828710701830012,3.037974683544304,10.0,0.14351391585202378,0.17559947409961602,quantum_advantage_like
ring,10,far,0.4,0.0,0.5065408246733065,0.0968043164973818,0.4097365081759247,2.9113924050632916,10.0,0.13245211284281805,0.17559947409961602,quantum_advantage_like
ring,10,far,0.8,0.0,0.4493214415106739,0.0968043164973818,0.3525171250132921,2.9113924050632916,10.0,0.13593709344954208,0.17559947409961602,quantum_advantage_like
ring,10,far,0.8,0.0,0.41516549443010564,0.0968043164973818,0.31836117793272384,3.037974683544304,10.0,0.14164420159536684,0.17559947409961602,quantum_advantage_like
ring,10,high_centrality,0.0,1.4,0.39538068609484583,0.44035415677894607,-0.044973470684100236,1.2658227848101267,1.3924050632911393,0.13399275794973659,0.12827511178806347,classical_explains
ring,10,high_centrality,0.0,1.4,0.39538068609484583,0.44035415677894607,-0.044973470684100236,1.2658227848101267,1.3924050632911393,0.13399275794973659,0.12827511178806347,classical_explains
ring,10,high_centrality,0.4,1.4,0.3930455066068484,0.44035415677894607,-0.04730865017209768,1.2658227848101267,1.3924050632911393,0.13428190914021665,0.12827511178806347,classical_explains
ring,10,high_centrality,0.4,1.4,0.3988674577769373,0.44035415677894607,-0.0414866990020088,1.2658227848101267,1.3924050632911393,0.13344180702498928,0.12827511178806347,classical_explains
ring,10,high_centrality,0.8,1.4,0.3934318287083689,0.44035415677894607,-0.04692232807057717,1.2658227848101267,1.3924050632911393,0.13429951626883088,0.12827511178806347,classical_explains
ring,10,high_centrality,0.8,1.4,0.40672188639835755,0.44035415677894607,-0.033632270380588525,1.2658227848101267,1.3924050632911393,0.13243231412803955,0.12827511178806347,classical_explains
ring,10,low_centrality,0.0,1.4,0.39538068609484583,0.44035415677894607,-0.044973470684100236,1.2658227848101267,1.3924050632911393,0.13399275794973659,0.12827511178806347,classical_explains
ring,10,low_centrality,0.0,1.4,0.39538068609484583,0.44035415677894607,-0.044973470684100236,1.2658227848101267,1.3924050632911393,0.13399275794973659,0.12827511178806347,classical_explains
ring,10,low_centrality,0.4,1.4,0.3930455066068484,0.44035415677894607,-0.04730865017209768,1.2658227848101267,1.3924050632911393,0.13428190914021665,0.12827511178806347,classical_explains
ring,10,low_centrality,0.4,1.4,0.3988674577769373,0.44035415677894607,-0.0414866990020088,1.2658227848101267,1.3924050632911393,0.13344180702498928,0.12827511178806347,classical_explains
ring,10,low_centrality,0.8,1.4,0.3934318287083689,0.44035415677894607,-0.04692232807057717,1.2658227848101267,1.3924050632911393,0.13429951626883088,0.12827511178806347,classical_explains
ring,10,low_centrality,0.8,1.4,0.40672188639835755,0.44035415677894607,-0.033632270380588525,1.2658227848101267,1.3924050632911393,0.13243231412803955,0.12827511178806347,classical_explains
ring,12,near,0.0,1.4,0.3791258990801973,0.4387326809709235,-0.05960678189072621,1.2658227848101267,1.3924050632911393,0.13476191635456516,0.12833146134890894,inconclusive
ring,12,near,0.0,1.4,0.3791258990801973,0.4387326809709235,-0.05960678189072621,1.2658227848101267,1.3924050632911393,0.13476191635456516,0.12833146134890894,inconclusive
ring,12,near,0.4,1.4,0.37996750733486234,0.4387326809709235,-0.05876517363606115,1.2658227848101267,1.3924050632911393,0.13467599704964126,0.12833146134890894,inconclusive
ring,12,near,0.4,1.4,0.38305930311358366,0.4387326809709235,-0.055673377857339834,1.2658227848101267,1.3924050632911393,0.13429426083070087,0.12833146134890894,inconclusive
ring,12,near,0.8,1.4,0.37966500457053126,0.4387326809709235,-0.05906767640039223,1.2658227848101267,1.3924050632911393,0.13478052445354047,0.12833146134890894,inconclusive
ring,12,near,0.8,1.4,0.3907170920959326,0.4387326809709235,-0.04801558887499091,1.2658227848101267,1.3924050632911393,0.1334457329727503,0.12833146134890894,classical_explains
ring,12,far,0.0,0.0,0.45718469439004,0.046930419306890514,0.4102542750831495,3.417721518987342,10.0,0.13567619281492127,0.1789094395493262,quantum_advantage_like
ring,12,far,0.0,0.0,0.45718469439004,0.046930419306890514,0.4102542750831495,3.417721518987342,10.0,0.13567619281492127,0.1789094395493262,quantum_advantage_like
ring,12,far,0.4,0.0,0.38928342143275285,0.046930419306890514,0.34235300212586234,3.417721518987342,10.0,0.14148117268074012,0.1789094395493262,quantum_advantage_like
ring,12,far,0.4,0.0,0.4352001947358907,0.046930419306890514,0.3882697754290002,3.5443037974683547,10.0,0.13885231280170585,0.1789094395493262,quantum_advantage_like
ring,12,far,0.8,0.0,0.32173660217304606,0.046930419306890514,0.27480618286615555,3.5443037974683547,10.0,0.15032831709554806,0.1789094395493262,quantum_advantage_like
ring,12,far,0.8,0.0,0.29105080449465004,0.046930419306890514,0.24412038518775953,3.670886075949367,10.0,0.1514943240474384,0.1789094395493262,quantum_advantage_like
ring,12,high_centrality,0.0,1.4,0.3791258990801973,0.4387326809709235,-0.05960678189072621,1.2658227848101267,1.3924050632911393,0.13476191635456516,0.12833146134890894,inconclusive
ring,12,high_centrality,0.0,1.4,0.3791258990801973,0.4387326809709235,-0.05960678189072621,1.2658227848101267,1.3924050632911393,0.13476191635456516,0.12833146134890894,inconclusive
ring,12,high_centrality,0.4,1.4,0.37996750733486234,0.4387326809709235,-0.05876517363606115,1.2658227848101267,1.3924050632911393,0.13467599704964126,0.12833146134890894,inconclusive
ring,12,high_centrality,0.4,1.4,0.38305930311358366,0.4387326809709235,-0.055673377857339834,1.2658227848101267,1.3924050632911393,0.13429426083070087,0.12833146134890894,inconclusive
ring,12,high_centrality,0.8,1.4,0.37966500457053126,0.4387326809709235,-0.05906767640039223,1.2658227848101267,1.3924050632911393,0.13478052445354047,0.12833146134890894,inconclusive
ring,12,high_centrality,0.8,1.4,0.3907170920959326,0.4387326809709235,-0.04801558887499091,1.2658227848101267,1.3924050632911393,0.1334457329727503,0.12833146134890894,classical_explains
ring,12,low_centrality,0.0,1.4,0.3791258990801973,0.4387326809709235,-0.05960678189072621,1.2658227848101267,1.3924050632911393,0.13476191635456516,0.12833146134890894,inconclusive
ring,12,low_centrality,0.0,1.4,0.3791258990801973,0.4387326809709235,-0.05960678189072621,1.2658227848101267,1.3924050632911393,0.13476191635456516,0.12833146134890894,inconclusive
ring,12,low_centrality,0.4,1.4,0.37996750733486234,0.4387326809709235,-0.05876517363606115,1.2658227848101267,1.3924050632911393,0.13467599704964126,0.12833146134890894,inconclusive
ring,12,low_centrality,0.4,1.4,0.38305930311358366,0.4387326809709235,-0.055673377857339834,1.2658227848101267,1.3924050632911393,0.13429426083070087,0.12833146134890894,inconclusive
ring,12,low_centrality,0.8,1.4,0.37966500457053126,0.4387326809709235,-0.05906767640039223,1.2658227848101267,1.3924050632911393,0.13478052445354047,0.12833146134890894,inconclusive
ring,12,low_centrality,0.8,1.4,0.3907170920959326,0.4387326809709235,-0.04801558887499091,1.2658227848101267,1.3924050632911393,0.1334457329727503,0.12833146134890894,classical_explains
chain,8,near,0.0,1.4,0.5799941751083233,0.7246496244601169,-0.14465544935179364,1.139240506329114,0.759493670886076,0.1080609652287968,0.08659592000423966,inconclusive
chain,8,near,0.0,1.4,0.5799941751083233,0.7246496244601169,-0.14465544935179364,1.139240506329114,0.759493670886076,0.1080609652287968,0.08659592000423966,inconclusive
chain,8,near,0.4,1.4,0.5830919718857822,0.7246496244601169,-0.14155765257433472,1.139240506329114,0.759493670886076,0.10791450406577272,0.08659592000423966,inconclusive
chain,8,near,0.4,1.4,0.5845281799171621,0.7246496244601169,-0.14012144454295483,1.139240506329114,0.759493670886076,0.10759857127359344,0.08659592000423966,inconclusive
chain,8,near,0.8,1.4,0.5858489966092455,0.7246496244601169,-0.13880062785087144,1.139240506329114,0.759493670886076,0.10752235313840822,0.08659592000423966,inconclusive
chain,8,near,0.8,1.4,0.5824024520706295,0.7246496244601169,-0.14224717238948748,1.139240506329114,0.759493670886076,0.10790550157225103,0.08659592000423966,inconclusive
chain,8,far,0.0,0.0,0.584336177961786,0.021243085934457562,0.5630930920273285,4.177215189873418,10.0,0.12622929837129876,0.1803421535628133,quantum_advantage_like
chain,8,far,0.0,0.0,0.584336177961786,0.021243085934457562,0.5630930920273285,4.177215189873418,10.0,0.12622929837129876,0.1803421535628133,quantum_advantage_like
chain,8,far,0.4,0.0,0.5131416198998806,0.021243085934457562,0.49189853396542305,4.30379746835443,10.0,0.13426048343771674,0.1803421535628133,quantum_advantage_like
chain,8,far,0.4,0.0,0.49169085878870994,0.021243085934457562,0.4704477728542524,4.30379746835443,10.0,0.13551702944345534,0.1803421535628133,quantum_advantage_like
chain,8,far,0.8,0.0,0.46034362459693423,0.021243085934457562,0.43910053866247667,4.30379746835443,10.0,0.1413145412671386,0.1803421535628133,quantum_advantage_like
chain,8,far,0.8,0.0,0.4057232423728385,0.021243085934457562,0.38448015643838096,4.4303797468354436,10.0,0.14307970887339558,0.1803421535628133,quantum_advantage_like
chain,8,high_centrality,0.0,0.0,0.4135544888502495,0.18706439802341202,0.22649009082683746,2.7848101265822787,6.835443037974684,0.13998918054552967,0.16839102373214584,quantum_advantage_like
chain,8,high_centrality,0.0,0.0,0.4135544888502495,0.18706439802341202,0.22649009082683746,2.7848101265822787,6.835443037974684,0.13998918054552967,0.16839102373214584,quantum_advantage_like
chain,8,high_centrality,0.4,0.2,0.37568093295654026,0.18706439802341202,0.18861653493312824,3.037974683544304,6.835443037974684,0.14590145965781137,0.16839102373214584,quantum_advantage_like
chain,8,high_centrality,0.4,0.2,0.376584994364403,0.18706439802341202,0.189520596340991,3.037974683544304,6.835443037974684,0.14594125313671177,0.16839102373214584,quantum_advantage_like
chain,8,high_centrality,0.8,0.2,0.3417459775623802,0.18706439802341202,0.15468157953896816,3.1645569620253164,6.835443037974684,0.1490480002568751,0.16839102373214584,quantum_advantage_like
chain,8,high_centrality,0.8,0.0,0.4436855971828179,0.18706439802341202,0.2566211991594059,2.7848101265822787,6.835443037974684,0.13510842704352402,0.16839102373214584,quantum_advantage_like
chain,8,low_centrality,0.0,0.0,0.584336177961786,0.021243085934457562,0.5630930920273285,4.177215189873418,10.0,0.12622929837129876,0.1803421535628133,quantum_advantage_like
chain,8,low_centrality,0.0,0.0,0.584336177961786,0.021243085934457562,0.5630930920273285,4.177215189873418,10.0,0.12622929837129876,0.1803421535628133,quantum_advantage_like
chain,8,low_centrality,0.4,0.0,0.5131416198998806,0.021243085934457562,0.49189853396542305,4.30379746835443,10.0,0.13426048343771674,0.1803421535628133,quantum_advantage_like
chain,8,low_centrality,0.4,0.0,0.49169085878870994,0.021243085934457562,0.4704477728542524,4.30379746835443,10.0,0.13551702944345534,0.1803421535628133,quantum_advantage_like
chain,8,low_centrality,0.8,0.0,0.46034362459693423,0.021243085934457562,0.43910053866247667,4.30379746835443,10.0,0.1413145412671386,0.1803421535628133,quantum_advantage_like
chain,8,low_centrality,0.8,0.0,0.4057232423728385,0.021243085934457562,0.38448015643838096,4.4303797468354436,10.0,0.14307970887339558,0.1803421535628133,quantum_advantage_like
chain,10,near,0.0,1.4,0.5792258043794267,0.7246148077456583,-0.14538900336623162,1.139240506329114,0.759493670886076,0.10807548306902914,0.08659672510765826,inconclusive
chain,10,near,0.0,1.4,0.5792258043794267,0.7246148077456583,-0.14538900336623162,1.139240506329114,0.759493670886076,0.10807548306902914,0.08659672510765826,inconclusive
chain,10,near,0.4,1.4,0.5802563548989196,0.7246148077456583,-0.14435845284673876,1.139240506329114,0.759493670886076,0.10810347429003342,0.08659672510765826,inconclusive
chain,10,near,0.4,1.4,0.5803711431184143,0.7246148077456583,-0.14424366462724403,1.139240506329114,0.759493670886076,0.10805082928057187,0.08659672510765826,inconclusive
chain,10,near,0.8,1.4,0.5823115064470598,0.7246148077456583,-0.14230330129859858,1.139240506329114,0.759493670886076,0.10823635877029412,0.08659672510765826,inconclusive
chain,10,near,0.8,1.4,0.5974242229889086,0.7246148077456583,-0.1271905847567497,1.139240506329114,0.759493670886076,0.10562178292287351,0.08659672510765826,inconclusive
chain,10,far,0.0,0.0,0.5554696687022775,0.0035666251328688183,0.5519030435694087,5.3164556962025316,10.0,0.13934674474064718,0.18114844355687476,quantum_advantage_like
chain,10,far,0.0,0.0,0.5554696687022775,0.0035666251328688183,0.5519030435694087,5.3164556962025316,10.0,0.13934674474064718,0.18114844355687476,quantum_advantage_like
chain,10,far,0.4,0.0,0.48773545822756065,0.0035666251328688183,0.48416883309469183,5.3164556962025316,10.0,0.14470220838916453,0.18114844355687476,quantum_advantage_like
chain,10,far,0.4,0.0,0.484862895042978,0.0035666251328688183,0.4812962699101092,5.3164556962025316,10.0,0.14529567997672838,0.18114844355687476,quantum_advantage_like
chain,10,far,0.8,0.0,0.4277626868802275,0.0035666251328688183,0.4241960617473587,5.443037974683545,10.0,0.15167953005908152,0.18114844355687476,quantum_advantage_like
chain,10,far,0.8,0.0,0.29347819311566753,0.0035666251328688183,0.2899115679827987,5.569620253164557,10.0,0.158065507555702,0.18114844355687476,quantum_advantage_like
chain,10,high_centrality,0.0,0.0,0.39117433155776915,0.09683519625076739,0.29433913530700173,3.417721518987342,10.0,0.1477220399600277,0.17559874843607012,quantum_advantage_like
chain,10,high_centrality,0.0,0.0,0.39117433155776915,0.09683519625076739,0.29433913530700173,3.417721518987342,10.0,0.1477220399600277,0.17559874843607012,quantum_advantage_like
chain,10,high_centrality,0.4,0.0,0.3514051752379156,0.09683519625076739,0.25456997898714817,3.417721518987342,10.0,0.1497833516308633,0.17559874843607012,quantum_advantage_like
chain,10,high_centrality,0.4,0.0,0.3794994578230487,0.09683519625076739,0.2826642615722813,3.417721518987342,10.0,0.14928977532536322,0.17559874843607012,quantum_advantage_like
chain,10,high_centrality,0.8,0.0,0.3198969062895414,0.09683519625076739,0.22306171003877404,3.5443037974683547,10.0,0.15214317046690218,0.17559874843607012,quantum_advantage_like
chain,10,high_centrality,0.8,0.0,0.30166516437581065,0.09683519625076739,0.20482996812504325,3.5443037974683547,10.0,0.15126790496667203,0.17559874843607012,quantum_advantage_like
chain,10,low_centrality,0.0,0.0,0.5554696687022775,0.0035666251328688183,0.5519030435694087,5.3164556962025316,10.0,0.13934674474064718,0.18114844355687476,quantum_advantage_like
chain,10,low_centrality,0.0,0.0,0.5554696687022775,0.0035666251328688183,0.5519030435694087,5.3164556962025316,10.0,0.13934674474064718,0.18114844355687476,quantum_advantage_like
chain,10,low_centrality,0.4,0.0,0.48773545822756065,0.0035666251328688183,0.48416883309469183,5.3164556962025316,10.0,0.14470220838916453,0.18114844355687476,quantum_advantage_like
chain,10,low_centrality,0.4,0.0,0.484862895042978,0.0035666251328688183,0.4812962699101092,5.3164556962025316,10.0,0.14529567997672838,0.18114844355687476,quantum_advantage_like
chain,10,low_centrality,0.8,0.0,0.4277626868802275,0.0035666251328688183,0.4241960617473587,5.443037974683545,10.0,0.15167953005908152,0.18114844355687476,quantum_advantage_like
chain,10,low_centrality,0.8,0.0,0.29347819311566753,0.0035666251328688183,0.2899115679827987,5.569620253164557,10.0,0.158065507555702,0.18114844355687476,quantum_advantage_like
chain,12,near,0.0,1.4,0.5792137551995012,0.7246145976089198,-0.14540084240941853,1.139240506329114,0.759493670886076,0.10807562073558663,0.08659672861216484,inconclusive
chain,12,near,0.0,1.4,0.5792137551995012,0.7246145976089198,-0.14540084240941853,1.139240506329114,0.759493670886076,0.10807562073558663,0.08659672861216484,inconclusive
chain,12,near,0.4,1.4,0.5864779074819386,0.7246145976089198,-0.13813669012698115,1.139240506329114,0.759493670886076,0.10712090778282253,0.08659672861216484,inconclusive
chain,12,near,0.4,1.4,0.5829667211301494,0.7246145976089198,-0.14164787647877042,1.139240506329114,0.759493670886076,0.10780985770574762,0.08659672861216484,inconclusive
chain,12,near,0.8,1.4,0.5910171325211245,0.7246145976089198,-0.13359746508779524,1.139240506329114,0.759493670886076,0.10686934237121128,0.08659672861216484,inconclusive
chain,12,near,0.8,1.4,0.5984294192965363,0.7246145976089198,-0.12618517831238352,1.139240506329114,0.759493670886076,0.10656357229374536,0.08659672861216484,inconclusive
chain,12,far,0.0,0.0,0.522734438467243,0.00046565368975885345,0.5222687847774842,6.329113924050633,10.0,0.1515814443421949,0.18125657765614706,quantum_advantage_like
chain,12,far,0.0,0.0,0.522734438467243,0.00046565368975885345,0.5222687847774842,6.329113924050633,10.0,0.1515814443421949,0.18125657765614706,quantum_advantage_like
chain,12,far,0.4,0.0,0.452793976314966,0.00046565368975885345,0.4523283226252071,6.455696202531646,10.0,0.15606382698290322,0.18125657765614706,quantum_advantage_like
chain,12,far,0.4,0.0,0.4031986353320233,0.00046565368975885345,0.40273298164226445,6.455696202531646,10.0,0.15820727385643113,0.18125657765614706,quantum_advantage_like
chain,12,far,0.8,0.0,0.2832955986108031,0.00046565368975885345,0.28282994492104424,6.582278481012659,10.0,0.16425709426996535,0.18125657765614706,quantum_advantage_like
chain,12,far,0.8,0.0,0.24006159446065517,0.00046565368975885345,0.23959594077089633,6.835443037974684,10.0,0.16723602130860588,0.18125657765614706,quantum_advantage_like
chain,12,high_centrality,0.0,0.0,0.295362379110356,0.04693116016872874,0.24843121894162729,4.050632911392405,10.0,0.15476602375672804,0.17890942609883448,quantum_advantage_like
chain,12,high_centrality,0.0,0.0,0.295362379110356,0.04693116016872874,0.24843121894162729,4.050632911392405,10.0,0.15476602375672804,0.17890942609883448,quantum_advantage_like
chain,12,high_centrality,0.4,0.0,0.3120132091612183,0.04693116016872874,0.26508204899248955,4.050632911392405,10.0,0.15689482597514337,0.17890942609883448,quantum_advantage_like
chain,12,high_centrality,0.4,0.0,0.2565999182182817,0.04693116016872874,0.20966875804955298,4.050632911392405,10.0,0.15812538951746907,0.17890942609883448,quantum_advantage_like
chain,12,high_centrality,0.8,0.0,0.25623040564564803,0.04693116016872874,0.2092992454769193,4.177215189873418,10.0,0.16043745435830042,0.17890942609883448,quantum_advantage_like
chain,12,high_centrality,0.8,0.0,0.2258051386639141,0.04693116016872874,0.17887397849518538,4.30379746835443,10.0,0.16259924543179888,0.17890942609883448,quantum_advantage_like
chain,12,low_centrality,0.0,0.0,0.522734438467243,0.00046565368975885345,0.5222687847774842,6.329113924050633,10.0,0.1515814443421949,0.18125657765614706,quantum_advantage_like
chain,12,low_centrality,0.0,0.0,0.522734438467243,0.00046565368975885345,0.5222687847774842,6.329113924050633,10.0,0.1515814443421949,0.18125657765614706,quantum_advantage_like
chain,12,low_centrality,0.4,0.0,0.452793976314966,0.00046565368975885345,0.4523283226252071,6.455696202531646,10.0,0.15606382698290322,0.18125657765614706,quantum_advantage_like
chain,12,low_centrality,0.4,0.0,0.4031986353320233,0.00046565368975885345,0.40273298164226445,6.455696202531646,10.0,0.15820727385643113,0.18125657765614706,quantum_advantage_like
chain,12,low_centrality,0.8,0.0,0.2832955986108031,0.00046565368975885345,0.28282994492104424,6.582278481012659,10.0,0.16425709426996535,0.18125657765614706,quantum_advantage_like
chain,12,low_centrality,0.8,0.0,0.24006159446065517,0.00046565368975885345,0.23959594077089633,6.835443037974684,10.0,0.16723602130860588,0.18125657765614706,quantum_advantage_like
square_lattice_2d,8,near,0.0,1.4,0.4163184849683226,0.5507435022331721,-0.13442501726484957,2.151898734177215,1.2658227848101267,0.13885274795419297,0.11989581306555668,inconclusive
square_lattice_2d,8,near,0.0,1.4,0.4163184849683226,0.5507435022331721,-0.13442501726484957,2.151898734177215,1.2658227848101267,0.13885274795419297,0.11989581306555668,inconclusive
square_lattice_2d,8,near,0.4,1.4,0.41718208508126675,0.5507435022331721,-0.1335614171519054,2.0253164556962027,1.2658227848101267,0.13863887430496472,0.11989581306555668,inconclusive
square_lattice_2d,8,near,0.4,1.4,0.4162383452517697,0.5507435022331721,-0.13450515698140242,2.151898734177215,1.2658227848101267,0.13885700942559967,0.11989581306555668,inconclusive
square_lattice_2d,8,near,0.8,1.4,0.41891797340656384,0.5507435022331721,-0.1318255288266083,2.151898734177215,1.2658227848101267,0.13846206244247164,0.11989581306555668,inconclusive
square_lattice_2d,8,near,0.8,1.4,0.42096038948318426,0.5507435022331721,-0.12978311274998788,2.151898734177215,1.2658227848101267,0.13812201778004202,0.11989581306555668,inconclusive
square_lattice_2d,8,far,0.0,0.8,0.4032920823298997,0.22590934561880296,0.17738273671109675,2.0253164556962027,5.3164556962025316,0.13898290015572642,0.1629774884160823,quantum_advantage_like
square_lattice_2d,8,far,0.0,0.8,0.4032920823298997,0.22590934561880296,0.17738273671109675,2.0253164556962027,5.3164556962025316,0.13898290015572642,0.1629774884160823,quantum_advantage_like
square_lattice_2d,8,far,0.4,0.8,0.39993642035303767,0.22590934561880296,0.1740270747342347,2.0253164556962027,5.3164556962025316,0.1397198477877118,0.1629774884160823,quantum_advantage_like
square_lattice_2d,8,far,0.4,0.2,0.40766678723823196,0.22590934561880296,0.181757441619429,1.7721518987341773,5.3164556962025316,0.13583586668554756,0.1629774884160823,quantum_advantage_like
square_lattice_2d,8,far,0.8,0.8,0.39884702901129665,0.22590934561880296,0.17293768339249369,2.151898734177215,5.3164556962025316,0.14002529899855012,0.1629774884160823,quantum_advantage_like
square_lattice_2d,8,far,0.8,0.2,0.40666089219712037,0.22590934561880296,0.1807515465783174,1.7721518987341773,5.3164556962025316,0.13692992354814557,0.1629774884160823,quantum_advantage_like
square_lattice_2d,8,high_centrality,0.0,1.4,0.4163184849683226,0.5507435022331721,-0.13442501726484957,2.151898734177215,1.2658227848101267,0.13885274795419297,0.11989581306555668,inconclusive
square_lattice_2d,8,high_centrality,0.0,1.4,0.4163184849683226,0.5507435022331721,-0.13442501726484957,2.151898734177215,1.2658227848101267,0.13885274795419297,0.11989581306555668,inconclusive
square_lattice_2d,8,high_centrality,0.4,1.4,0.41718208508126675,0.5507435022331721,-0.1335614171519054,2.0253164556962027,1.2658227848101267,0.13863887430496472,0.11989581306555668,inconclusive
square_lattice_2d,8,high_centrality,0.4,1.4,0.4162383452517697,0.5507435022331721,-0.13450515698140242,2.151898734177215,1.2658227848101267,0.13885700942559967,0.11989581306555668,inconclusive
square_lattice_2d,8,high_centrality,0.8,1.4,0.41891797340656384,0.5507435022331721,-0.1318255288266083,2.151898734177215,1.2658227848101267,0.13846206244247164,0.11989581306555668,inconclusive
square_lattice_2d,8,high_centrality,0.8,1.4,0.42096038948318426,0.5507435022331721,-0.12978311274998788,2.151898734177215,1.2658227848101267,0.13812201778004202,0.11989581306555668,inconclusive
square_lattice_2d,8,low_centrality,0.0,0.8,0.3559618610090928,0.18591867081069782,0.17004319019839495,3.417721518987342,6.455696202531646,0.1490316938588857,0.16710181391506296,quantum_advantage_like
square_lattice_2d,8,low_centrality,0.0,0.8,0.3559618610090928,0.18591867081069782,0.17004319019839495,3.417721518987342,6.455696202531646,0.1490316938588857,0.16710181391506296,quantum_advantage_like
square_lattice_2d,8,low_centrality,0.4,0.8,0.3609871039235637,0.18591867081069782,0.17506843311286588,3.2911392405063293,6.455696202531646,0.1483093755130922,0.16710181391506296,quantum_advantage_like
square_lattice_2d,8,low_centrality,0.4,0.8,0.3559328072656193,0.18591867081069782,0.1700141364549215,3.417721518987342,6.455696202531646,0.14905141516009612,0.16710181391506296,quantum_advantage_like
square_lattice_2d,8,low_centrality,0.8,0.8,0.3518375328980085,0.18591867081069782,0.1659188620873107,3.417721518987342,6.455696202531646,0.14958346290831911,0.16710181391506296,quantum_advantage_like
square_lattice_2d,8,low_centrality,0.8,0.8,0.3471916090807268,0.18591867081069782,0.161272938270029,3.5443037974683547,6.455696202531646,0.15029171407777284,0.16710181391506296,quantum_advantage_like
square_lattice_2d,10,near,0.0,1.4,0.3692295305110001,0.5187172100177735,-0.14948767950677339,2.151898734177215,1.2658227848101267,0.14243993566729343,0.12232939474771601,inconclusive
square_lattice_2d,10,near,0.0,1.4,0.3692295305110001,0.5187172100177735,-0.14948767950677339,2.151898734177215,1.2658227848101267,0.14243993566729343,0.12232939474771601,inconclusive
square_lattice_2d,10,near,0.4,1.4,0.3734786064091654,0.5187172100177735,-0.14523860360860807,2.151898734177215,1.2658227848101267,0.14183468291423132,0.12232939474771601,inconclusive
square_lattice_2d,10,near,0.4,1.4,0.3687226401178276,0.5187172100177735,-0.14999456989994586,2.151898734177215,1.2658227848101267,0.1425802088145865,0.12232939474771601,inconclusive
square_lattice_2d,10,near,0.8,1.4,0.3721582497180343,0.5187172100177735,-0.1465589602997392,2.151898734177215,1.2658227848101267,0.1420015548160706,0.12232939474771601,inconclusive
square_lattice_2d,10,near,0.8,1.4,0.3719934853741868,0.5187172100177735,-0.14672372464358668,2.151898734177215,1.2658227848101267,0.14203187358004798,0.12232939474771601,inconclusive
square_lattice_2d,10,far,0.0,0.8,0.275155471818935,0.0932511791980877,0.1819042926208473,4.6835443037974684,10.0,0.15847235315204242,0.17524604337320573,quantum_advantage_like
square_lattice_2d,10,far,0.0,0.8,0.275155471818935,0.0932511791980877,0.1819042926208473,4.6835443037974684,10.0,0.15847235315204242,0.17524604337320573,quantum_advantage_like
square_lattice_2d,10,far,0.4,0.2,0.28962820970736985,0.0932511791980877,0.19637703050928215,4.556962025316456,10.0,0.15637686779775858,0.17524604337320573,quantum_advantage_like
square_lattice_2d,10,far,0.4,0.8,0.27116168790791484,0.0932511791980877,0.17791050870982714,4.6835443037974684,10.0,0.1589949227947082,0.17524604337320573,quantum_advantage_like
square_lattice_2d,10,far,0.8,0.8,0.2674420111665465,0.0932511791980877,0.17419083196845878,4.810126582278482,10.0,0.15935159251603156,0.17524604337320573,quantum_advantage_like
square_lattice_2d,10,far,0.8,0.8,0.2626152738179028,0.0932511791980877,0.16936409461981508,4.810126582278482,10.0,0.15992761556443968,0.17524604337320573,quantum_advantage_like
square_lattice_2d,10,high_centrality,0.0,1.4,0.3692295305110001,0.5187172100177735,-0.14948767950677339,2.151898734177215,1.2658227848101267,0.14243993566729343,0.12232939474771601,inconclusive
square_lattice_2d,10,high_centrality,0.0,1.4,0.3692295305110001,0.5187172100177735,-0.14948767950677339,2.151898734177215,1.2658227848101267,0.14243993566729343,0.12232939474771601,inconclusive
square_lattice_2d,10,high_centrality,0.4,1.4,0.3734786064091654,0.5187172100177735,-0.14523860360860807,2.151898734177215,1.2658227848101267,0.14183468291423132,0.12232939474771601,inconclusive
square_lattice_2d,10,high_centrality,0.4,1.4,0.3687226401178276,0.5187172100177735,-0.14999456989994586,2.151898734177215,1.2658227848101267,0.1425802088145865,0.12232939474771601,inconclusive
square_lattice_2d,10,high_centrality,0.8,1.4,0.3721582497180343,0.5187172100177735,-0.1465589602997392,2.151898734177215,1.2658227848101267,0.1420015548160706,0.12232939474771601,inconclusive
square_lattice_2d,10,high_centrality,0.8,1.4,0.3719934853741868,0.5187172100177735,-0.14672372464358668,2.151898734177215,1.2658227848101267,0.14203187358004798,0.12232939474771601,inconclusive
square_lattice_2d,10,low_centrality,0.0,0.8,0.275155471818935,0.0932511791980877,0.1819042926208473,4.6835443037974684,10.0,0.15847235315204242,0.17524604337320573,quantum_advantage_like
square_lattice_2d,10,low_centrality,0.0,0.8,0.275155471818935,0.0932511791980877,0.1819042926208473,4.6835443037974684,10.0,0.15847235315204242,0.17524604337320573,quantum_advantage_like
square_lattice_2d,10,low_centrality,0.4,0.2,0.28962820970736985,0.0932511791980877,0.19637703050928215,4.556962025316456,10.0,0.15637686779775858,0.17524604337320573,quantum_advantage_like
square_lattice_2d,10,low_centrality,0.4,0.8,0.27116168790791484,0.0932511791980877,0.17791050870982714,4.6835443037974684,10.0,0.1589949227947082,0.17524604337320573,quantum_advantage_like
square_lattice_2d,10,low_centrality,0.8,0.8,0.2674420111665465,0.0932511791980877,0.17419083196845878,4.810126582278482,10.0,0.15935159251603156,0.17524604337320573,quantum_advantage_like
square_lattice_2d,10,low_centrality,0.8,0.8,0.2626152738179028,0.0932511791980877,0.16936409461981508,4.810126582278482,10.0,0.15992761556443968,0.17524604337320573,quantum_advantage_like
square_lattice_2d,12,near,0.0,1.4,0.3265261756033431,0.4172027778547882,-0.09067660225144508,1.6455696202531647,1.3924050632911393,0.145087113121391,0.13060078891265964,inconclusive
square_lattice_2d,12,near,0.0,1.4,0.3265261756033431,0.4172027778547882,-0.09067660225144508,1.6455696202531647,1.3924050632911393,0.145087113121391,0.13060078891265964,inconclusive
square_lattice_2d,12,near,0.4,1.4,0.3277077838072039,0.4172027778547882,-0.08949499404758432,1.6455696202531647,1.3924050632911393,0.1448861763855741,0.13060078891265964,inconclusive
square_lattice_2d,12,near,0.4,1.4,0.32628430231433525,0.4172027778547882,-0.09091847554045296,1.7721518987341773,1.3924050632911393,0.14507811740914195,0.13060078891265964,inconclusive
square_lattice_2d,12,near,0.8,1.4,0.33058427827889925,0.4172027778547882,-0.08661849957588896,1.6455696202531647,1.3924050632911393,0.14429619320205916,0.13060078891265964,inconclusive
square_lattice_2d,12,near,0.8,1.4,0.3333366729582817,0.4172027778547882,-0.08386610489650653,1.6455696202531647,1.3924050632911393,0.1436559388003845,0.13060078891265964,inconclusive
square_lattice_2d,12,far,0.0,0.0,0.44529247845098535,0.07292257363562353,0.3723699048153618,2.151898734177215,10.0,0.12173709174942894,0.1769363841964311,quantum_advantage_like
square_lattice_2d,12,far,0.0,0.0,0.44529247845098535,0.07292257363562353,0.3723699048153618,2.151898734177215,10.0,0.12173709174942894,0.1769363841964311,quantum_advantage_like
square_lattice_2d,12,far,0.4,0.0,0.47919952207777,0.07292257363562353,0.40627694844214646,2.151898734177215,10.0,0.12276900803963825,0.1769363841964311,quantum_advantage_like
square_lattice_2d,12,far,0.4,0.0,0.43746841862729485,0.07292257363562353,0.3645458449916713,2.151898734177215,10.0,0.1238593451317136,0.1769363841964311,quantum_advantage_like
square_lattice_2d,12,far,0.8,0.0,0.45915490777711765,0.07292257363562353,0.3862323341414941,2.151898734177215,10.0,0.12661848327324265,0.1769363841964311,quantum_advantage_like
square_lattice_2d,12,far,0.8,0.0,0.4671915494869826,0.07292257363562353,0.39426897585135906,2.278481012658228,10.0,0.12968416197605812,0.1769363841964311,quantum_advantage_like
square_lattice_2d,12,high_centrality,0.0,0.8,0.28228575382168786,0.2216230929540322,0.06066266086765565,3.79746835443038,5.69620253164557,0.15506917525634856,0.1640823001092499,quantum_advantage_like
square_lattice_2d,12,high_centrality,0.0,0.8,0.28228575382168786,0.2216230929540322,0.06066266086765565,3.79746835443038,5.69620253164557,0.15506917525634856,0.1640823001092499,quantum_advantage_like
square_lattice_2d,12,high_centrality,0.4,0.8,0.28245966266753086,0.2216230929540322,0.060836569713498656,3.79746835443038,5.69620253164557,0.15507728993652373,0.1640823001092499,quantum_advantage_like
square_lattice_2d,12,high_centrality,0.4,0.8,0.2824405282666774,0.2216230929540322,0.06081743531264522,3.79746835443038,5.69620253164557,0.1550637580286746,0.1640823001092499,quantum_advantage_like
square_lattice_2d,12,high_centrality,0.8,0.8,0.2813134517069214,0.2216230929540322,0.059690358752889194,3.79746835443038,5.69620253164557,0.15522057679832404,0.1640823001092499,quantum_advantage_like
square_lattice_2d,12,high_centrality,0.8,0.8,0.2796389003812896,0.2216230929540322,0.05801580742725737,3.924050632911393,5.69620253164557,0.15569260451441674,0.1640823001092499,quantum_advantage_like
square_lattice_2d,12,low_centrality,0.0,0.0,0.44529247845098535,0.07292257363562353,0.3723699048153618,2.151898734177215,10.0,0.12173709174942894,0.1769363841964311,quantum_advantage_like
square_lattice_2d,12,low_centrality,0.0,0.0,0.44529247845098535,0.07292257363562353,0.3723699048153618,2.151898734177215,10.0,0.12173709174942894,0.1769363841964311,quantum_advantage_like
square_lattice_2d,12,low_centrality,0.4,0.0,0.47919952207777,0.07292257363562353,0.40627694844214646,2.151898734177215,10.0,0.12276900803963825,0.1769363841964311,quantum_advantage_like
square_lattice_2d,12,low_centrality,0.4,0.0,0.43746841862729485,0.07292257363562353,0.3645458449916713,2.151898734177215,10.0,0.1238593451317136,0.1769363841964311,quantum_advantage_like
square_lattice_2d,12,low_centrality,0.8,0.0,0.45915490777711765,0.07292257363562353,0.3862323341414941,2.151898734177215,10.0,0.12661848327324265,0.1769363841964311,quantum_advantage_like
square_lattice_2d,12,low_centrality,0.8,0.0,0.4671915494869826,0.07292257363562353,0.39426897585135906,2.278481012658228,10.0,0.12968416197605812,0.1769363841964311,quantum_advantage_like
modular_two_community,8,near,0.0,0.8,0.4191316060913727,0.328560856641276,0.09057074945009669,1.89873417721519,2.5316455696202533,0.13682181943423452,0.14778356617058905,quantum_advantage_like
modular_two_community,8,near,0.0,0.8,0.4191316060913727,0.328560856641276,0.09057074945009669,1.89873417721519,2.5316455696202533,0.13682181943423452,0.14778356617058905,quantum_advantage_like
modular_two_community,8,near,0.4,0.8,0.40771637360976065,0.328560856641276,0.07915551696848466,2.151898734177215,2.5316455696202533,0.13908806664568135,0.14778356617058905,quantum_advantage_like
modular_two_community,8,near,0.4,0.8,0.4156759900188197,0.328560856641276,0.08711513337754373,1.89873417721519,2.5316455696202533,0.13717310976808383,0.14778356617058905,quantum_advantage_like
modular_two_community,8,near,0.8,0.8,0.41684059263196627,0.328560856641276,0.08827973599069028,2.0253164556962027,2.5316455696202533,0.13749380191560442,0.14778356617058905,quantum_advantage_like
modular_two_community,8,near,0.8,0.8,0.39972888202064544,0.328560856641276,0.07116802537936945,2.0253164556962027,2.5316455696202533,0.1401201872137956,0.14778356617058905,quantum_advantage_like
modular_two_community,8,far,0.0,0.0,0.5129366205760305,0.1472124278701449,0.36572419270588563,2.278481012658228,7.59493670886076,0.12599636520782714,0.1702434898066147,quantum_advantage_like
modular_two_community,8,far,0.0,0.0,0.5129366205760305,0.1472124278701449,0.36572419270588563,2.278481012658228,7.59493670886076,0.12599636520782714,0.1702434898066147,quantum_advantage_like
modular_two_community,8,far,0.4,0.0,0.5002461554051251,0.1472124278701449,0.3530337275349802,2.0253164556962027,7.59493670886076,0.12894721487998761,0.1702434898066147,quantum_advantage_like
modular_two_community,8,far,0.4,0.0,0.4851242358618089,0.1472124278701449,0.337911807991664,2.278481012658228,7.59493670886076,0.12708784513379712,0.1702434898066147,quantum_advantage_like
modular_two_community,8,far,0.8,0.0,0.4557379455329297,0.1472124278701449,0.3085255176627848,2.151898734177215,7.59493670886076,0.13187231083277104,0.1702434898066147,quantum_advantage_like
modular_two_community,8,far,0.8,0.2,0.37934726070248836,0.1472124278701449,0.23213483283234346,2.6582278481012658,7.59493670886076,0.14307564296528366,0.1702434898066147,quantum_advantage_like
modular_two_community,8,high_centrality,0.0,0.2,0.43022340394254494,0.32775121908224436,0.10247218486030057,2.278481012658228,3.79746835443038,0.13528623656853106,0.15258646705926596,quantum_advantage_like
modular_two_community,8,high_centrality,0.0,0.2,0.43022340394254494,0.32775121908224436,0.10247218486030057,2.278481012658228,3.79746835443038,0.13528623656853106,0.15258646705926596,quantum_advantage_like
modular_two_community,8,high_centrality,0.4,0.8,0.4061805632956712,0.32775121908224436,0.07842934421342684,2.5316455696202533,3.79746835443038,0.14095119763455927,0.15258646705926596,quantum_advantage_like
modular_two_community,8,high_centrality,0.4,0.0,0.4389227490874408,0.32775121908224436,0.11117153000519642,2.151898734177215,3.79746835443038,0.1322567430294786,0.15258646705926596,quantum_advantage_like
modular_two_community,8,high_centrality,0.8,0.0,0.4321855427061687,0.32775121908224436,0.10443432362392435,2.278481012658228,3.79746835443038,0.1361825877426829,0.15258646705926596,quantum_advantage_like
modular_two_community,8,high_centrality,0.8,0.2,0.4098826457879883,0.32775121908224436,0.08213142670574392,2.278481012658228,3.79746835443038,0.1374790966749094,0.15258646705926596,quantum_advantage_like
modular_two_community,8,low_centrality,0.0,0.0,0.5129366205760305,0.1472124278701449,0.36572419270588563,2.278481012658228,7.59493670886076,0.12599636520782714,0.1702434898066147,quantum_advantage_like
modular_two_community,8,low_centrality,0.0,0.0,0.5129366205760305,0.1472124278701449,0.36572419270588563,2.278481012658228,7.59493670886076,0.12599636520782714,0.1702434898066147,quantum_advantage_like
modular_two_community,8,low_centrality,0.4,0.0,0.5002461554051251,0.1472124278701449,0.3530337275349802,2.0253164556962027,7.59493670886076,0.12894721487998761,0.1702434898066147,quantum_advantage_like
modular_two_community,8,low_centrality,0.4,0.0,0.4851242358618089,0.1472124278701449,0.337911807991664,2.278481012658228,7.59493670886076,0.12708784513379712,0.1702434898066147,quantum_advantage_like
modular_two_community,8,low_centrality,0.8,0.0,0.4557379455329297,0.1472124278701449,0.3085255176627848,2.151898734177215,7.59493670886076,0.13187231083277104,0.1702434898066147,quantum_advantage_like
modular_two_community,8,low_centrality,0.8,0.2,0.37934726070248836,0.1472124278701449,0.23213483283234346,2.6582278481012658,7.59493670886076,0.14307564296528366,0.1702434898066147,quantum_advantage_like
modular_two_community,8,near,0.0,0.8,0.3887426973069685,0.3265603761071534,0.062182321199815094,1.3924050632911393,1.89873417721519,0.13995571927549433,0.144546835106284,quantum_advantage_like
modular_two_community,8,near,0.0,0.8,0.3887426973069685,0.3265603761071534,0.062182321199815094,1.3924050632911393,1.89873417721519,0.13995571927549433,0.144546835106284,quantum_advantage_like
modular_two_community,8,near,0.4,0.8,0.3917671020925708,0.3265603761071534,0.06520672598541744,1.3924050632911393,1.89873417721519,0.13954331165465167,0.144546835106284,quantum_advantage_like
modular_two_community,8,near,0.4,0.8,0.3854079981708406,0.3265603761071534,0.05884762206368721,1.3924050632911393,1.89873417721519,0.1405811216301568,0.144546835106284,quantum_advantage_like
modular_two_community,8,near,0.8,0.8,0.38076181833680506,0.3265603761071534,0.054201442229651675,1.3924050632911393,1.89873417721519,0.1404407080184658,0.144546835106284,quantum_advantage_like
modular_two_community,8,near,0.8,0.8,0.38005515253480454,0.3265603761071534,0.05349477642765116,1.518987341772152,1.89873417721519,0.1409013294933515,0.144546835106284,quantum_advantage_like
modular_two_community,8,far,0.0,0.2,0.36726333808545164,0.10803628216816534,0.2592270559172863,2.6582278481012658,9.367088607594937,0.14534611248369875,0.17241900484832803,quantum_advantage_like
modular_two_community,8,far,0.0,0.2,0.36726333808545164,0.10803628216816534,0.2592270559172863,2.6582278481012658,9.367088607594937,0.14534611248369875,0.17241900484832803,quantum_advantage_like
modular_two_community,8,far,0.4,0.2,0.353379182336222,0.10803628216816534,0.24534290016805665,2.6582278481012658,9.367088607594937,0.14705804481212292,0.17241900484832803,quantum_advantage_like
modular_two_community,8,far,0.4,0.2,0.35821182108967453,0.10803628216816534,0.2501755389215092,2.6582278481012658,9.367088607594937,0.1470375683789595,0.17241900484832803,quantum_advantage_like
modular_two_community,8,far,0.8,0.2,0.34189283719540936,0.10803628216816534,0.233856555027244,2.6582278481012658,9.367088607594937,0.14695071300202836,0.17241900484832803,quantum_advantage_like
modular_two_community,8,far,0.8,0.2,0.31459456514721573,0.10803628216816534,0.20655828297905038,2.7848101265822787,9.367088607594937,0.1507790373132405,0.17241900484832803,quantum_advantage_like
modular_two_community,8,high_centrality,0.0,1.4,0.3890341999718396,0.46728138394601193,-0.07824718397417235,1.7721518987341773,1.6455696202531647,0.13908641786031234,0.13029240337401565,inconclusive
modular_two_community,8,high_centrality,0.0,1.4,0.3890341999718396,0.46728138394601193,-0.07824718397417235,1.7721518987341773,1.6455696202531647,0.13908641786031234,0.13029240337401565,inconclusive
modular_two_community,8,high_centrality,0.4,1.4,0.3851244909241636,0.46728138394601193,-0.08215689302184831,1.89873417721519,1.6455696202531647,0.139678466019678,0.13029240337401565,inconclusive
modular_two_community,8,high_centrality,0.4,1.4,0.3924556619423659,0.46728138394601193,-0.07482572200364601,1.7721518987341773,1.6455696202531647,0.13865237233342934,0.13029240337401565,inconclusive
modular_two_community,8,high_centrality,0.8,1.4,0.3852973620263144,0.46728138394601193,-0.0819840219196975,1.89873417721519,1.6455696202531647,0.13962376356146253,0.13029240337401565,inconclusive
modular_two_community,8,high_centrality,0.8,1.4,0.4061423265989805,0.46728138394601193,-0.061139057347031456,1.6455696202531647,1.6455696202531647,0.13641375029842273,0.13029240337401565,inconclusive
modular_two_community,8,low_centrality,0.0,0.2,0.36726333808545164,0.10803628216816534,0.2592270559172863,2.6582278481012658,9.367088607594937,0.14534611248369875,0.17241900484832803,quantum_advantage_like
modular_two_community,8,low_centrality,0.0,0.2,0.36726333808545164,0.10803628216816534,0.2592270559172863,2.6582278481012658,9.367088607594937,0.14534611248369875,0.17241900484832803,quantum_advantage_like
modular_two_community,8,low_centrality,0.4,0.2,0.353379182336222,0.10803628216816534,0.24534290016805665,2.6582278481012658,9.367088607594937,0.14705804481212292,0.17241900484832803,quantum_advantage_like
modular_two_community,8,low_centrality,0.4,0.2,0.35821182108967453,0.10803628216816534,0.2501755389215092,2.6582278481012658,9.367088607594937,0.1470375683789595,0.17241900484832803,quantum_advantage_like
modular_two_community,8,low_centrality,0.8,0.2,0.34189283719540936,0.10803628216816534,0.233856555027244,2.6582278481012658,9.367088607594937,0.14695071300202836,0.17241900484832803,quantum_advantage_like
modular_two_community,8,low_centrality,0.8,0.2,0.31459456514721573,0.10803628216816534,0.20655828297905038,2.7848101265822787,9.367088607594937,0.1507790373132405,0.17241900484832803,quantum_advantage_like
modular_two_community,10,near,0.0,1.4,0.3485974189131178,0.49428050840729465,-0.14568308949417685,2.405063291139241,1.6455696202531647,0.1450515284435814,0.12671928733345922,inconclusive
modular_two_community,10,near,0.0,1.4,0.3485974189131178,0.49428050840729465,-0.14568308949417685,2.405063291139241,1.6455696202531647,0.1450515284435814,0.12671928733345922,inconclusive
modular_two_community,10,near,0.4,1.4,0.3470009219073186,0.49428050840729465,-0.14727958649997602,2.5316455696202533,1.6455696202531647,0.14538349265755596,0.12671928733345922,inconclusive
modular_two_community,10,near,0.4,1.4,0.3473308132376085,0.49428050840729465,-0.14694969516968615,2.5316455696202533,1.6455696202531647,0.14540649103419975,0.12671928733345922,inconclusive
modular_two_community,10,near,0.8,1.4,0.352727796972394,0.49428050840729465,-0.14155271143490067,2.405063291139241,1.6455696202531647,0.14438884188054632,0.12671928733345922,inconclusive
modular_two_community,10,near,0.8,1.4,0.3472096924640993,0.49428050840729465,-0.14707081594319538,2.5316455696202533,1.6455696202531647,0.1453465655530969,0.12671928733345922,inconclusive
modular_two_community,10,far,0.0,0.8,0.2578308932766294,0.0691821971177301,0.1886486961588993,4.556962025316456,10.0,0.15935705176187578,0.17705292139164308,quantum_advantage_like
modular_two_community,10,far,0.0,0.8,0.2578308932766294,0.0691821971177301,0.1886486961588993,4.556962025316456,10.0,0.15935705176187578,0.17705292139164308,quantum_advantage_like
modular_two_community,10,far,0.4,0.8,0.26444228215321847,0.0691821971177301,0.19526008503548836,4.556962025316456,10.0,0.1587721314502094,0.17705292139164308,quantum_advantage_like
modular_two_community,10,far,0.4,0.2,0.2695303911039965,0.0691821971177301,0.2003481939862664,4.050632911392405,10.0,0.15690093919715004,0.17705292139164308,quantum_advantage_like
modular_two_community,10,far,0.8,0.2,0.25588332853033074,0.0691821971177301,0.18670113141260064,4.810126582278482,10.0,0.15977169882743728,0.17705292139164308,quantum_advantage_like
modular_two_community,10,far,0.8,0.0,0.32470644812700206,0.0691821971177301,0.25552425100927195,3.1645569620253164,10.0,0.1506431318431716,0.17705292139164308,quantum_advantage_like
modular_two_community,10,high_centrality,0.0,0.8,0.3071327980127997,0.2616868201884343,0.04544597782436538,3.5443037974683547,4.30379746835443,0.15260722765636578,0.1583695657617139,classical_explains
modular_two_community,10,high_centrality,0.0,0.8,0.3071327980127997,0.2616868201884343,0.04544597782436538,3.5443037974683547,4.30379746835443,0.15260722765636578,0.1583695657617139,classical_explains
modular_two_community,10,high_centrality,0.4,0.8,0.31014616629779335,0.2616868201884343,0.048459346109359036,3.5443037974683547,4.30379746835443,0.15237729031779101,0.1583695657617139,classical_explains
modular_two_community,10,high_centrality,0.4,0.8,0.3159253006936941,0.2616868201884343,0.05423848050525981,3.417721518987342,4.30379746835443,0.1515957930806384,0.1583695657617139,quantum_advantage_like
modular_two_community,10,high_centrality,0.8,1.4,0.3064917658605629,0.2616868201884343,0.044804945672128615,3.5443037974683547,4.30379746835443,0.1531568444173083,0.1583695657617139,classical_explains
modular_two_community,10,high_centrality,0.8,0.8,0.31925692990685267,0.2616868201884343,0.05757010971841836,3.1645569620253164,4.30379746835443,0.15067113138242233,0.1583695657617139,quantum_advantage_like
modular_two_community,10,low_centrality,0.0,0.8,0.2578308932766294,0.0691821971177301,0.1886486961588993,4.556962025316456,10.0,0.15935705176187578,0.17705292139164308,quantum_advantage_like
modular_two_community,10,low_centrality,0.0,0.8,0.2578308932766294,0.0691821971177301,0.1886486961588993,4.556962025316456,10.0,0.15935705176187578,0.17705292139164308,quantum_advantage_like
modular_two_community,10,low_centrality,0.4,0.8,0.26444228215321847,0.0691821971177301,0.19526008503548836,4.556962025316456,10.0,0.1587721314502094,0.17705292139164308,quantum_advantage_like
modular_two_community,10,low_centrality,0.4,0.2,0.2695303911039965,0.0691821971177301,0.2003481939862664,4.050632911392405,10.0,0.15690093919715004,0.17705292139164308,quantum_advantage_like
modular_two_community,10,low_centrality,0.8,0.2,0.25588332853033074,0.0691821971177301,0.18670113141260064,4.810126582278482,10.0,0.15977169882743728,0.17705292139164308,quantum_advantage_like
modular_two_community,10,low_centrality,0.8,0.0,0.32470644812700206,0.0691821971177301,0.25552425100927195,3.1645569620253164,10.0,0.1506431318431716,0.17705292139164308,quantum_advantage_like
modular_two_community,10,near,0.0,0.0,0.5073138249960987,0.3488298255409471,0.15848399945515157,1.518987341772152,2.405063291139241,0.12171224534274515,0.14596557921836378,quantum_advantage_like
modular_two_community,10,near,0.0,0.0,0.5073138249960987,0.3488298255409471,0.15848399945515157,1.518987341772152,2.405063291139241,0.12171224534274515,0.14596557921836378,quantum_advantage_like
modular_two_community,10,near,0.4,0.0,0.47087552178439934,0.3488298255409471,0.12204569624345224,1.518987341772152,2.405063291139241,0.1272258428842642,0.14596557921836378,quantum_advantage_like
modular_two_community,10,near,0.4,0.0,0.4700104509368385,0.3488298255409471,0.12118062539589142,1.518987341772152,2.405063291139241,0.12630462616834345,0.14596557921836378,quantum_advantage_like
modular_two_community,10,near,0.8,0.0,0.4653618142278231,0.3488298255409471,0.11653198868687598,1.7721518987341773,2.405063291139241,0.13130447059106554,0.14596557921836378,quantum_advantage_like
modular_two_community,10,near,0.8,0.0,0.48590378390188094,0.3488298255409471,0.13707395836093383,1.518987341772152,2.405063291139241,0.12163896485054741,0.14596557921836378,quantum_advantage_like
modular_two_community,10,far,0.0,0.8,0.15839814317462586,0.043675610887787916,0.11472253228683794,7.215189873417722,10.0,0.16933802935700984,0.17820775595770788,quantum_advantage_like
modular_two_community,10,far,0.0,0.8,0.15839814317462586,0.043675610887787916,0.11472253228683794,7.215189873417722,10.0,0.16933802935700984,0.17820775595770788,quantum_advantage_like
modular_two_community,10,far,0.4,0.8,0.15824675736320232,0.043675610887787916,0.1145711464754144,7.215189873417722,10.0,0.1693594631882586,0.17820775595770788,quantum_advantage_like
modular_two_community,10,far,0.4,0.8,0.15377123356202016,0.043675610887787916,0.11009562267423224,7.341772151898734,10.0,0.1696330926579649,0.17820775595770788,quantum_advantage_like
modular_two_community,10,far,0.8,0.8,0.15532760733280584,0.043675610887787916,0.11165199644501793,7.341772151898734,10.0,0.16993456632768933,0.17820775595770788,quantum_advantage_like
modular_two_community,10,far,0.8,0.8,0.1637687096715496,0.043675610887787916,0.12009309878376169,6.835443037974684,10.0,0.16848910265512673,0.17820775595770788,quantum_advantage_like
modular_two_community,10,high_centrality,0.0,0.0,0.5073138249960987,0.3488298255409471,0.15848399945515157,1.518987341772152,2.405063291139241,0.12171224534274515,0.14596557921836378,quantum_advantage_like
modular_two_community,10,high_centrality,0.0,0.0,0.5073138249960987,0.3488298255409471,0.15848399945515157,1.518987341772152,2.405063291139241,0.12171224534274515,0.14596557921836378,quantum_advantage_like
modular_two_community,10,high_centrality,0.4,0.0,0.47087552178439934,0.3488298255409471,0.12204569624345224,1.518987341772152,2.405063291139241,0.1272258428842642,0.14596557921836378,quantum_advantage_like
modular_two_community,10,high_centrality,0.4,0.0,0.4700104509368385,0.3488298255409471,0.12118062539589142,1.518987341772152,2.405063291139241,0.12630462616834345,0.14596557921836378,quantum_advantage_like
modular_two_community,10,high_centrality,0.8,0.0,0.4653618142278231,0.3488298255409471,0.11653198868687598,1.7721518987341773,2.405063291139241,0.13130447059106554,0.14596557921836378,quantum_advantage_like
modular_two_community,10,high_centrality,0.8,0.0,0.48590378390188094,0.3488298255409471,0.13707395836093383,1.518987341772152,2.405063291139241,0.12163896485054741,0.14596557921836378,quantum_advantage_like
modular_two_community,10,low_centrality,0.0,0.8,0.15839814317462586,0.043675610887787916,0.11472253228683794,7.215189873417722,10.0,0.16933802935700984,0.17820775595770788,quantum_advantage_like
modular_two_community,10,low_centrality,0.0,0.8,0.15839814317462586,0.043675610887787916,0.11472253228683794,7.215189873417722,10.0,0.16933802935700984,0.17820775595770788,quantum_advantage_like
modular_two_community,10,low_centrality,0.4,0.8,0.15824675736320232,0.043675610887787916,0.1145711464754144,7.215189873417722,10.0,0.1693594631882586,0.17820775595770788,quantum_advantage_like
modular_two_community,10,low_centrality,0.4,0.8,0.15377123356202016,0.043675610887787916,0.11009562267423224,7.341772151898734,10.0,0.1696330926579649,0.17820775595770788,quantum_advantage_like
modular_two_community,10,low_centrality,0.8,0.8,0.15532760733280584,0.043675610887787916,0.11165199644501793,7.341772151898734,10.0,0.16993456632768933,0.17820775595770788,quantum_advantage_like
modular_two_community,10,low_centrality,0.8,0.8,0.1637687096715496,0.043675610887787916,0.12009309878376169,6.835443037974684,10.0,0.16848910265512673,0.17820775595770788,quantum_advantage_like
modular_two_community,12,near,0.0,0.8,0.317677240538605,0.29470246043784354,0.022974780100761483,2.6582278481012658,3.1645569620253164,0.14912820418328157,0.1526327776764869,classical_explains
modular_two_community,12,near,0.0,0.8,0.317677240538605,0.29470246043784354,0.022974780100761483,2.6582278481012658,3.1645569620253164,0.14912820418328157,0.1526327776764869,classical_explains
modular_two_community,12,near,0.4,0.8,0.3108844720054178,0.29470246043784354,0.01618201156757426,3.037974683544304,3.1645569620253164,0.1505226964622494,0.1526327776764869,classical_explains
modular_two_community,12,near,0.4,0.2,0.3354680263378094,0.29470246043784354,0.04076556589996588,2.151898734177215,3.1645569620253164,0.1452421019330222,0.1526327776764869,classical_explains
modular_two_community,12,near,0.8,0.8,0.31528411274412904,0.29470246043784354,0.020581652306285503,2.7848101265822787,3.1645569620253164,0.149623883500437,0.1526327776764869,classical_explains
modular_two_community,12,near,0.8,0.8,0.30832860385711913,0.29470246043784354,0.013626143419275594,2.9113924050632916,3.1645569620253164,0.1505118155518519,0.1526327776764869,classical_explains
modular_two_community,12,far,0.0,0.8,0.1962965981187841,0.06531597812393394,0.13098061999485017,5.822784810126583,10.0,0.16517877448210802,0.17669342972604024,quantum_advantage_like
modular_two_community,12,far,0.0,0.8,0.1962965981187841,0.06531597812393394,0.13098061999485017,5.822784810126583,10.0,0.16517877448210802,0.17669342972604024,quantum_advantage_like
modular_two_community,12,far,0.4,1.4,0.19284074864221792,0.06531597812393394,0.12752477051828398,5.9493670886075956,10.0,0.16571882760484258,0.17669342972604024,quantum_advantage_like
modular_two_community,12,far,0.4,0.8,0.20501645106944336,0.06531597812393394,0.1397004729455094,5.569620253164557,10.0,0.16432885008666648,0.17669342972604024,quantum_advantage_like
modular_two_community,12,far,0.8,0.8,0.2016694422576864,0.06531597812393394,0.13635346413375246,5.69620253164557,10.0,0.16465998014949268,0.17669342972604024,quantum_advantage_like
modular_two_community,12,far,0.8,0.8,0.1922885907370338,0.06531597812393394,0.12697261261309986,6.075949367088608,10.0,0.1657568122641863,0.17669342972604024,quantum_advantage_like
modular_two_community,12,high_centrality,0.0,0.8,0.317677240538605,0.29470246043784354,0.022974780100761483,2.6582278481012658,3.1645569620253164,0.14912820418328157,0.1526327776764869,classical_explains
modular_two_community,12,high_centrality,0.0,0.8,0.317677240538605,0.29470246043784354,0.022974780100761483,2.6582278481012658,3.1645569620253164,0.14912820418328157,0.1526327776764869,classical_explains
modular_two_community,12,high_centrality,0.4,0.8,0.3108844720054178,0.29470246043784354,0.01618201156757426,3.037974683544304,3.1645569620253164,0.1505226964622494,0.1526327776764869,classical_explains
modular_two_community,12,high_centrality,0.4,0.2,0.3354680263378094,0.29470246043784354,0.04076556589996588,2.151898734177215,3.1645569620253164,0.1452421019330222,0.1526327776764869,classical_explains
modular_two_community,12,high_centrality,0.8,0.8,0.31528411274412904,0.29470246043784354,0.020581652306285503,2.7848101265822787,3.1645569620253164,0.149623883500437,0.1526327776764869,classical_explains
modular_two_community,12,high_centrality,0.8,0.8,0.30832860385711913,0.29470246043784354,0.013626143419275594,2.9113924050632916,3.1645569620253164,0.1505118155518519,0.1526327776764869,classical_explains
modular_two_community,12,low_centrality,0.0,0.8,0.1962965981187841,0.06531597812393394,0.13098061999485017,5.822784810126583,10.0,0.16517877448210802,0.17669342972604024,quantum_advantage_like
modular_two_community,12,low_centrality,0.0,0.8,0.1962965981187841,0.06531597812393394,0.13098061999485017,5.822784810126583,10.0,0.16517877448210802,0.17669342972604024,quantum_advantage_like
modular_two_community,12,low_centrality,0.4,1.4,0.19284074864221792,0.06531597812393394,0.12752477051828398,5.9493670886075956,10.0,0.16571882760484258,0.17669342972604024,quantum_advantage_like
modular_two_community,12,low_centrality,0.4,0.8,0.20501645106944336,0.06531597812393394,0.1397004729455094,5.569620253164557,10.0,0.16432885008666648,0.17669342972604024,quantum_advantage_like
modular_two_community,12,low_centrality,0.8,0.8,0.2016694422576864,0.06531597812393394,0.13635346413375246,5.69620253164557,10.0,0.16465998014949268,0.17669342972604024,quantum_advantage_like
modular_two_community,12,low_centrality,0.8,0.8,0.1922885907370338,0.06531597812393394,0.12697261261309986,6.075949367088608,10.0,0.1657568122641863,0.17669342972604024,quantum_advantage_like
modular_two_community,12,near,0.0,0.8,0.30694408655510236,0.17677488305356362,0.13016920350153874,1.6455696202531647,3.79746835443038,0.14656767052584171,0.1610348747904587,quantum_advantage_like
modular_two_community,12,near,0.0,0.8,0.30694408655510236,0.17677488305356362,0.13016920350153874,1.6455696202531647,3.79746835443038,0.14656767052584171,0.1610348747904587,quantum_advantage_like
modular_two_community,12,near,0.4,0.8,0.30051252455363237,0.17677488305356362,0.12373764150006875,1.6455696202531647,3.79746835443038,0.1472659531139591,0.1610348747904587,quantum_advantage_like
modular_two_community,12,near,0.4,1.4,0.2899836492620242,0.17677488305356362,0.11320876620846057,1.89873417721519,3.79746835443038,0.14882963019481626,0.1610348747904587,quantum_advantage_like
modular_two_community,12,near,0.8,1.4,0.284648102019055,0.17677488305356362,0.10787321896549137,2.0253164556962027,3.79746835443038,0.1495194445761081,0.1610348747904587,quantum_advantage_like
modular_two_community,12,near,0.8,0.2,0.35372929317030605,0.17677488305356362,0.17695441011674243,1.3924050632911393,3.79746835443038,0.13898484541174208,0.1610348747904587,quantum_advantage_like
modular_two_community,12,far,0.0,0.8,0.2434326346694967,0.08539601383269335,0.15803662083680334,4.30379746835443,10.0,0.1595011299621948,0.17513840448254658,quantum_advantage_like
modular_two_community,12,far,0.0,0.8,0.2434326346694967,0.08539601383269335,0.15803662083680334,4.30379746835443,10.0,0.1595011299621948,0.17513840448254658,quantum_advantage_like
modular_two_community,12,far,0.4,0.2,0.23535575318703295,0.08539601383269335,0.1499597393543396,4.4303797468354436,10.0,0.16041386152219103,0.17513840448254658,quantum_advantage_like
modular_two_community,12,far,0.4,0.8,0.23736497200173412,0.08539601383269335,0.15196895816904077,4.4303797468354436,10.0,0.16014069879168413,0.17513840448254658,quantum_advantage_like
modular_two_community,12,far,0.8,0.8,0.23110017335308092,0.08539601383269335,0.14570415952038757,4.6835443037974684,10.0,0.1607523313313546,0.17513840448254658,quantum_advantage_like
modular_two_community,12,far,0.8,0.0,0.2449881159386525,0.08539601383269335,0.15959210210595914,4.177215189873418,10.0,0.16078568993024794,0.17513840448254658,quantum_advantage_like
modular_two_community,12,high_centrality,0.0,0.8,0.29143153324294924,0.2401232879319696,0.05130824531097963,3.2911392405063293,4.936708860759494,0.15332829018484948,0.16126132456687078,quantum_advantage_like
modular_two_community,12,high_centrality,0.0,0.8,0.29143153324294924,0.2401232879319696,0.05130824531097963,3.2911392405063293,4.936708860759494,0.15332829018484948,0.16126132456687078,quantum_advantage_like
modular_two_community,12,high_centrality,0.4,0.0,0.2988257039856315,0.2401232879319696,0.058702416053661916,2.9113924050632916,4.936708860759494,0.15075567015937272,0.16126132456687078,quantum_advantage_like
modular_two_community,12,high_centrality,0.4,0.8,0.2869788447414973,0.2401232879319696,0.046855556809527715,3.417721518987342,4.936708860759494,0.15390928352396682,0.16126132456687078,classical_explains
modular_two_community,12,high_centrality,0.8,0.2,0.315427756293599,0.2401232879319696,0.07530446836162938,2.278481012658228,4.936708860759494,0.148083521495618,0.16126132456687078,quantum_advantage_like
modular_two_community,12,high_centrality,0.8,1.4,0.2701477050188864,0.2401232879319696,0.030024417086916805,4.050632911392405,4.936708860759494,0.15667491345727708,0.16126132456687078,classical_explains
modular_two_community,12,low_centrality,0.0,0.8,0.2702728989050555,0.11764458167390307,0.15262831723115244,3.1645569620253164,8.354430379746836,0.15395027835492817,0.1702719735624496,quantum_advantage_like
modular_two_community,12,low_centrality,0.0,0.8,0.2702728989050555,0.11764458167390307,0.15262831723115244,3.1645569620253164,8.354430379746836,0.15395027835492817,0.1702719735624496,quantum_advantage_like
modular_two_community,12,low_centrality,0.4,0.8,0.2652765021357098,0.11764458167390307,0.14763192046180673,3.417721518987342,8.354430379746836,0.1551509991335213,0.1702719735624496,quantum_advantage_like
modular_two_community,12,low_centrality,0.4,0.2,0.26601080563082946,0.11764458167390307,0.1483662239569264,3.417721518987342,8.354430379746836,0.15434946291736382,0.1702719735624496,quantum_advantage_like
modular_two_community,12,low_centrality,0.8,0.8,0.25092494727102294,0.11764458167390307,0.13328036559711987,3.79746835443038,8.354430379746836,0.15729825219712235,0.1702719735624496,quantum_advantage_like
modular_two_community,12,low_centrality,0.8,0.8,0.2807762437207372,0.11764458167390307,0.1631316620468341,2.6582278481012658,8.354430379746836,0.1518907726639195,0.1702719735624496,quantum_advantage_like
random_geometric,8,near,0.0,0.0,0.5949089091960064,0.6043531862060837,-0.009444277010077329,1.139240506329114,0.8860759493670887,0.11616895872998168,0.10098628441771047,classical_explains
random_geometric,8,near,0.0,0.0,0.5949089091960064,0.6043531862060837,-0.009444277010077329,1.139240506329114,0.8860759493670887,0.11616895872998168,0.10098628441771047,classical_explains
random_geometric,8,near,0.4,0.0,0.5911710168011515,0.6043531862060837,-0.01318216940493222,1.139240506329114,0.8860759493670887,0.11450171159666828,0.10098628441771047,classical_explains
random_geometric,8,near,0.4,0.0,0.6079063671166687,0.6043531862060837,0.0035531809105849854,1.139240506329114,0.8860759493670887,0.11543326892567297,0.10098628441771047,classical_explains
random_geometric,8,near,0.8,0.8,0.5247948272248365,0.6043531862060837,-0.07955835898124719,1.139240506329114,0.8860759493670887,0.11843288602831226,0.10098628441771047,inconclusive
random_geometric,8,near,0.8,1.4,0.5109970303056945,0.6043531862060837,-0.09335615590038915,1.2658227848101267,0.8860759493670887,0.12031196488251293,0.10098628441771047,inconclusive
random_geometric,8,far,0.0,1.4,0.2924776354646609,0.20767944654227105,0.08479818892238983,4.4303797468354436,5.9493670886075956,0.15725770061941566,0.16554784376595563,quantum_advantage_like
random_geometric,8,far,0.0,1.4,0.2924776354646609,0.20767944654227105,0.08479818892238983,4.4303797468354436,5.9493670886075956,0.15725770061941566,0.16554784376595563,quantum_advantage_like
random_geometric,8,far,0.4,1.4,0.2971757604520087,0.20767944654227105,0.08949631390973767,4.4303797468354436,5.9493670886075956,0.1568641163381308,0.16554784376595563,quantum_advantage_like
random_geometric,8,far,0.4,1.4,0.2825424350127425,0.20767944654227105,0.07486298847047146,4.6835443037974684,5.9493670886075956,0.1583911835671465,0.16554784376595563,quantum_advantage_like
random_geometric,8,far,0.8,1.4,0.2911060637411224,0.20767944654227105,0.08342661719885136,4.4303797468354436,5.9493670886075956,0.15713913179464398,0.16554784376595563,quantum_advantage_like
random_geometric,8,far,0.8,0.8,0.2737138459096784,0.20767944654227105,0.06603439936740735,4.6835443037974684,5.9493670886075956,0.158981393731037,0.16554784376595563,quantum_advantage_like
random_geometric,8,high_centrality,0.0,1.4,0.2956903149053678,0.45686189142140393,-0.16117157651603614,4.4303797468354436,2.9113924050632916,0.15667108130435625,0.1395751938264683,inconclusive
random_geometric,8,high_centrality,0.0,1.4,0.2956903149053678,0.45686189142140393,-0.16117157651603614,4.4303797468354436,2.9113924050632916,0.15667108130435625,0.1395751938264683,inconclusive
random_geometric,8,high_centrality,0.4,1.4,0.2941167022080381,0.45686189142140393,-0.16274518921336584,4.4303797468354436,2.9113924050632916,0.15679267213117476,0.1395751938264683,inconclusive
random_geometric,8,high_centrality,0.4,1.4,0.2965277319174476,0.45686189142140393,-0.16033415950395635,4.4303797468354436,2.9113924050632916,0.15665391208039467,0.1395751938264683,inconclusive
random_geometric,8,high_centrality,0.8,1.4,0.3007796613780164,0.45686189142140393,-0.1560822300433875,4.30379746835443,2.9113924050632916,0.1560352853266691,0.1395751938264683,inconclusive
random_geometric,8,high_centrality,0.8,1.4,0.3095345563781642,0.45686189142140393,-0.14732733504323975,4.177215189873418,2.9113924050632916,0.1550316334486268,0.1395751938264683,inconclusive
random_geometric,8,low_centrality,0.0,1.4,0.2924776354646609,0.20767944654227105,0.08479818892238983,4.4303797468354436,5.9493670886075956,0.15725770061941566,0.16554784376595563,quantum_advantage_like
random_geometric,8,low_centrality,0.0,1.4,0.2924776354646609,0.20767944654227105,0.08479818892238983,4.4303797468354436,5.9493670886075956,0.15725770061941566,0.16554784376595563,quantum_advantage_like
random_geometric,8,low_centrality,0.4,1.4,0.2971757604520087,0.20767944654227105,0.08949631390973767,4.4303797468354436,5.9493670886075956,0.1568641163381308,0.16554784376595563,quantum_advantage_like
random_geometric,8,low_centrality,0.4,1.4,0.2825424350127425,0.20767944654227105,0.07486298847047146,4.6835443037974684,5.9493670886075956,0.1583911835671465,0.16554784376595563,quantum_advantage_like
random_geometric,8,low_centrality,0.8,1.4,0.2911060637411224,0.20767944654227105,0.08342661719885136,4.4303797468354436,5.9493670886075956,0.15713913179464398,0.16554784376595563,quantum_advantage_like
random_geometric,8,low_centrality,0.8,0.8,0.2737138459096784,0.20767944654227105,0.06603439936740735,4.6835443037974684,5.9493670886075956,0.158981393731037,0.16554784376595563,quantum_advantage_like
random_geometric,8,near,0.0,0.2,0.5918905918842801,0.6260907488963865,-0.034200157012106436,1.0126582278481013,0.759493670886076,0.104204786654815,0.09631549199194979,classical_explains
random_geometric,8,near,0.0,0.2,0.5918905918842801,0.6260907488963865,-0.034200157012106436,1.0126582278481013,0.759493670886076,0.104204786654815,0.09631549199194979,classical_explains
random_geometric,8,near,0.4,0.0,0.6412782972814189,0.6260907488963865,0.015187548385032446,1.0126582278481013,0.759493670886076,0.09938101070922445,0.09631549199194979,classical_explains
random_geometric,8,near,0.4,0.2,0.6140584358400336,0.6260907488963865,-0.012032313056352884,1.0126582278481013,0.759493670886076,0.09992970216875566,0.09631549199194979,classical_explains
random_geometric,8,near,0.8,0.0,0.5794394843962953,0.6260907488963865,-0.04665126450009116,1.0126582278481013,0.759493670886076,0.10966934628590241,0.09631549199194979,classical_explains
random_geometric,8,near,0.8,0.2,0.6631919046408676,0.6260907488963865,0.03710115574448114,1.0126582278481013,0.759493670886076,0.09219170820370513,0.09631549199194979,classical_explains
random_geometric,8,far,0.0,0.0,0.5697007017518354,0.07487306690375446,0.49482763484808095,3.037974683544304,10.0,0.12692872998738378,0.17616285002578685,quantum_advantage_like
random_geometric,8,far,0.0,0.0,0.5697007017518354,0.07487306690375446,0.49482763484808095,3.037974683544304,10.0,0.12692872998738378,0.17616285002578685,quantum_advantage_like
random_geometric,8,far,0.4,0.0,0.4678770875924564,0.07487306690375446,0.39300402068870194,3.037974683544304,10.0,0.13564128740792583,0.17616285002578685,quantum_advantage_like
random_geometric,8,far,0.4,0.0,0.5402975233635202,0.07487306690375446,0.46542445645976577,3.037974683544304,10.0,0.13248089730219711,0.17616285002578685,quantum_advantage_like
random_geometric,8,far,0.8,0.0,0.4237354012586266,0.07487306690375446,0.34886233435487213,3.037974683544304,10.0,0.13374568128078762,0.17616285002578685,quantum_advantage_like
random_geometric,8,far,0.8,0.0,0.4067732943878003,0.07487306690375446,0.33190022748404585,3.924050632911393,10.0,0.14904055706598243,0.17616285002578685,quantum_advantage_like
random_geometric,8,high_centrality,0.0,0.8,0.39110971077985757,0.5639485780345713,-0.17283886725471376,2.5316455696202533,2.151898734177215,0.14295304954268975,0.1257037904164871,inconclusive
random_geometric,8,high_centrality,0.0,0.8,0.39110971077985757,0.5639485780345713,-0.17283886725471376,2.5316455696202533,2.151898734177215,0.14295304954268975,0.1257037904164871,inconclusive
random_geometric,8,high_centrality,0.4,0.8,0.39354268974911205,0.5639485780345713,-0.17040588828545927,2.5316455696202533,2.151898734177215,0.1428028379685796,0.1257037904164871,inconclusive
random_geometric,8,high_centrality,0.4,0.8,0.38024055147989627,0.5639485780345713,-0.18370802655467505,2.6582278481012658,2.151898734177215,0.14430856084645663,0.1257037904164871,inconclusive
random_geometric,8,high_centrality,0.8,0.0,0.46960202381509364,0.5639485780345713,-0.09434655421947769,2.0253164556962027,2.151898734177215,0.1300637735613105,0.1257037904164871,inconclusive
random_geometric,8,high_centrality,0.8,1.4,0.34953274598095424,0.5639485780345713,-0.21441583205361708,3.1645569620253164,2.151898734177215,0.14893157594220524,0.1257037904164871,inconclusive
random_geometric,8,low_centrality,0.0,0.0,0.5697007017518354,0.07487306690375446,0.49482763484808095,3.037974683544304,10.0,0.12692872998738378,0.17616285002578685,quantum_advantage_like
random_geometric,8,low_centrality,0.0,0.0,0.5697007017518354,0.07487306690375446,0.49482763484808095,3.037974683544304,10.0,0.12692872998738378,0.17616285002578685,quantum_advantage_like
random_geometric,8,low_centrality,0.4,0.0,0.4678770875924564,0.07487306690375446,0.39300402068870194,3.037974683544304,10.0,0.13564128740792583,0.17616285002578685,quantum_advantage_like
random_geometric,8,low_centrality,0.4,0.0,0.5402975233635202,0.07487306690375446,0.46542445645976577,3.037974683544304,10.0,0.13248089730219711,0.17616285002578685,quantum_advantage_like
random_geometric,8,low_centrality,0.8,0.0,0.4237354012586266,0.07487306690375446,0.34886233435487213,3.037974683544304,10.0,0.13374568128078762,0.17616285002578685,quantum_advantage_like
random_geometric,8,low_centrality,0.8,0.0,0.4067732943878003,0.07487306690375446,0.33190022748404585,3.924050632911393,10.0,0.14904055706598243,0.17616285002578685,quantum_advantage_like
random_geometric,10,near,0.0,0.0,0.6719228101507246,0.6053564924447398,0.06656631770598487,1.139240506329114,0.8860759493670887,0.09879768917911225,0.10156228858202265,quantum_advantage_like
random_geometric,10,near,0.0,0.0,0.6719228101507246,0.6053564924447398,0.06656631770598487,1.139240506329114,0.8860759493670887,0.09879768917911225,0.10156228858202265,quantum_advantage_like
random_geometric,10,near,0.4,0.2,0.5995241033751514,0.6053564924447398,-0.005832389069588384,1.139240506329114,0.8860759493670887,0.10876270255273653,0.10156228858202265,classical_explains
random_geometric,10,near,0.4,0.0,0.7574509833213217,0.6053564924447398,0.1520944908765819,1.139240506329114,0.8860759493670887,0.08829597442922546,0.10156228858202265,quantum_advantage_like
random_geometric,10,near,0.8,0.0,0.626309983106868,0.6053564924447398,0.02095349066212826,1.139240506329114,0.8860759493670887,0.1053763963269432,0.10156228858202265,classical_explains
random_geometric,10,near,0.8,0.0,0.6824139603846837,0.6053564924447398,0.07705746793994395,1.139240506329114,0.8860759493670887,0.09583726781143954,0.10156228858202265,quantum_advantage_like
random_geometric,10,far,0.0,1.4,0.17321908860399293,0.06575820873216419,0.10746087987182874,6.835443037974684,10.0,0.16848542457680102,0.17709275086338488,quantum_advantage_like
random_geometric,10,far,0.0,1.4,0.17321908860399293,0.06575820873216419,0.10746087987182874,6.835443037974684,10.0,0.16848542457680102,0.17709275086338488,quantum_advantage_like
random_geometric,10,far,0.4,1.4,0.18130372809106218,0.06575820873216419,0.115545519358898,6.582278481012659,10.0,0.16773935037619403,0.17709275086338488,quantum_advantage_like
random_geometric,10,far,0.4,1.4,0.1744893683210579,0.06575820873216419,0.10873115958889372,6.835443037974684,10.0,0.16847201250137073,0.17709275086338488,quantum_advantage_like
random_geometric,10,far,0.8,1.4,0.14590120708856566,0.06575820873216419,0.08014299835640147,7.848101265822786,10.0,0.17092646378780968,0.17709275086338488,quantum_advantage_like
random_geometric,10,far,0.8,1.4,0.17793472113091757,0.06575820873216419,0.11217651239875338,6.708860759493671,10.0,0.16794340175056713,0.17709275086338488,quantum_advantage_like
random_geometric,10,high_centrality,0.0,1.4,0.22658441132985338,0.3817355727939074,-0.15515116146405403,5.3164556962025316,3.2911392405063293,0.16289621957303915,0.14726669041153537,inconclusive
random_geometric,10,high_centrality,0.0,1.4,0.22658441132985338,0.3817355727939074,-0.15515116146405403,5.3164556962025316,3.2911392405063293,0.16289621957303915,0.14726669041153537,inconclusive
random_geometric,10,high_centrality,0.4,1.4,0.23126259605580873,0.3817355727939074,-0.15047297673809867,5.3164556962025316,3.2911392405063293,0.16249208078439667,0.14726669041153537,inconclusive
random_geometric,10,high_centrality,0.4,1.4,0.23135630078553018,0.3817355727939074,-0.15037927200837722,5.3164556962025316,3.2911392405063293,0.16243412400700216,0.14726669041153537,inconclusive
random_geometric,10,high_centrality,0.8,1.4,0.2106856981268823,0.3817355727939074,-0.17104987466702512,5.69620253164557,3.2911392405063293,0.16437489487921753,0.14726669041153537,inconclusive
random_geometric,10,high_centrality,0.8,1.4,0.22550479882235575,0.3817355727939074,-0.15623077397155166,5.3164556962025316,3.2911392405063293,0.16283260972803054,0.14726669041153537,inconclusive
random_geometric,10,low_centrality,0.0,1.4,0.17321908860399293,0.06575820873216419,0.10746087987182874,6.835443037974684,10.0,0.16848542457680102,0.17709275086338488,quantum_advantage_like
random_geometric,10,low_centrality,0.0,1.4,0.17321908860399293,0.06575820873216419,0.10746087987182874,6.835443037974684,10.0,0.16848542457680102,0.17709275086338488,quantum_advantage_like
random_geometric,10,low_centrality,0.4,1.4,0.18130372809106218,0.06575820873216419,0.115545519358898,6.582278481012659,10.0,0.16773935037619403,0.17709275086338488,quantum_advantage_like
random_geometric,10,low_centrality,0.4,1.4,0.1744893683210579,0.06575820873216419,0.10873115958889372,6.835443037974684,10.0,0.16847201250137073,0.17709275086338488,quantum_advantage_like
random_geometric,10,low_centrality,0.8,1.4,0.14590120708856566,0.06575820873216419,0.08014299835640147,7.848101265822786,10.0,0.17092646378780968,0.17709275086338488,quantum_advantage_like
random_geometric,10,low_centrality,0.8,1.4,0.17793472113091757,0.06575820873216419,0.11217651239875338,6.708860759493671,10.0,0.16794340175056713,0.17709275086338488,quantum_advantage_like
random_geometric,10,near,0.0,1.4,0.3083816865674037,0.3280702626918759,-0.019688576124472168,3.037974683544304,2.9113924050632916,0.1510177923318783,0.14907076239106326,classical_explains
random_geometric,10,near,0.0,1.4,0.3083816865674037,0.3280702626918759,-0.019688576124472168,3.037974683544304,2.9113924050632916,0.1510177923318783,0.14907076239106326,classical_explains
random_geometric,10,near,0.4,1.4,0.31076190781196805,0.3280702626918759,-0.01730835487990784,3.037974683544304,2.9113924050632916,0.1507103091249688,0.14907076239106326,classical_explains
random_geometric,10,near,0.4,1.4,0.30310910572081234,0.3280702626918759,-0.024961156971063547,3.1645569620253164,2.9113924050632916,0.15162698773356942,0.14907076239106326,classical_explains
random_geometric,10,near,0.8,0.0,0.3820037781096204,0.3280702626918759,0.05393351541774449,2.6582278481012658,2.9113924050632916,0.1401673668720588,0.14907076239106326,quantum_advantage_like
random_geometric,10,near,0.8,1.4,0.3179396467807131,0.3280702626918759,-0.010130615911162766,2.9113924050632916,2.9113924050632916,0.1496023624944051,0.14907076239106326,classical_explains
random_geometric,10,far,0.0,1.4,0.3024504987204743,0.13137358655550152,0.17107691216497278,3.417721518987342,7.7215189873417724,0.15284237978979665,0.169986922725574,quantum_advantage_like
random_geometric,10,far,0.0,1.4,0.3024504987204743,0.13137358655550152,0.17107691216497278,3.417721518987342,7.7215189873417724,0.15284237978979665,0.169986922725574,quantum_advantage_like
random_geometric,10,far,0.4,1.4,0.3010383954779046,0.13137358655550152,0.1696648089224031,3.5443037974683547,7.7215189873417724,0.15303100022705393,0.169986922725574,quantum_advantage_like
random_geometric,10,far,0.4,1.4,0.30644377861952293,0.13137358655550152,0.1750701920640214,3.2911392405063293,7.7215189873417724,0.1520992634247787,0.169986922725574,quantum_advantage_like
random_geometric,10,far,0.8,1.4,0.30422742032127154,0.13137358655550152,0.17285383376577002,3.5443037974683547,7.7215189873417724,0.15293487729176583,0.169986922725574,quantum_advantage_like
random_geometric,10,far,0.8,1.4,0.2996573211670535,0.13137358655550152,0.168283734611552,3.5443037974683547,7.7215189873417724,0.15332331439056895,0.169986922725574,quantum_advantage_like
random_geometric,10,high_centrality,0.0,1.4,0.3193721089336377,0.3953455957568729,-0.07597348682323518,2.6582278481012658,2.5316455696202533,0.14884996268117495,0.1426186251782106,inconclusive
random_geometric,10,high_centrality,0.0,1.4,0.3193721089336377,0.3953455957568729,-0.07597348682323518,2.6582278481012658,2.5316455696202533,0.14884996268117495,0.1426186251782106,inconclusive
random_geometric,10,high_centrality,0.4,1.4,0.3257020828532525,0.3953455957568729,-0.06964351290362042,2.6582278481012658,2.5316455696202533,0.1481405876075019,0.1426186251782106,inconclusive
random_geometric,10,high_centrality,0.4,1.4,0.3236474769054055,0.3953455957568729,-0.07169811885146737,2.6582278481012658,2.5316455696202533,0.14824005857509545,0.1426186251782106,inconclusive
random_geometric,10,high_centrality,0.8,0.0,0.4022508046879707,0.3953455957568729,0.006905208931097806,3.1645569620253164,2.5316455696202533,0.14748149241993,0.1426186251782106,classical_explains
random_geometric,10,high_centrality,0.8,1.4,0.3293452974402846,0.3953455957568729,-0.06600029831658827,2.5316455696202533,2.5316455696202533,0.1474991297251113,0.1426186251782106,inconclusive
random_geometric,10,low_centrality,0.0,1.4,0.3024504987204743,0.13137358655550152,0.17107691216497278,3.417721518987342,7.7215189873417724,0.15284237978979665,0.169986922725574,quantum_advantage_like
random_geometric,10,low_centrality,0.0,1.4,0.3024504987204743,0.13137358655550152,0.17107691216497278,3.417721518987342,7.7215189873417724,0.15284237978979665,0.169986922725574,quantum_advantage_like
random_geometric,10,low_centrality,0.4,1.4,0.3010383954779046,0.13137358655550152,0.1696648089224031,3.5443037974683547,7.7215189873417724,0.15303100022705393,0.169986922725574,quantum_advantage_like
random_geometric,10,low_centrality,0.4,1.4,0.30644377861952293,0.13137358655550152,0.1750701920640214,3.2911392405063293,7.7215189873417724,0.1520992634247787,0.169986922725574,quantum_advantage_like
random_geometric,10,low_centrality,0.8,1.4,0.30422742032127154,0.13137358655550152,0.17285383376577002,3.5443037974683547,7.7215189873417724,0.15293487729176583,0.169986922725574,quantum_advantage_like
random_geometric,10,low_centrality,0.8,1.4,0.2996573211670535,0.13137358655550152,0.168283734611552,3.5443037974683547,7.7215189873417724,0.15332331439056895,0.169986922725574,quantum_advantage_like
random_geometric,12,near,0.0,0.0,0.3676477220912239,0.10991811067279908,0.2577296114184249,1.139240506329114,7.974683544303798,0.13847883498969016,0.16748383885053827,quantum_advantage_like
random_geometric,12,near,0.0,0.0,0.3676477220912239,0.10991811067279908,0.2577296114184249,1.139240506329114,7.974683544303798,0.13847883498969016,0.16748383885053827,quantum_advantage_like
random_geometric,12,near,0.4,0.2,0.3427986866735481,0.10991811067279908,0.23288057600074905,1.2658227848101267,7.974683544303798,0.14048713083538736,0.16748383885053827,quantum_advantage_like
random_geometric,12,near,0.4,0.0,0.35455121679588,0.10991811067279908,0.2446331061230809,1.2658227848101267,7.974683544303798,0.13933574071363355,0.16748383885053827,quantum_advantage_like
random_geometric,12,near,0.8,0.0,0.4133375409426349,0.10991811067279908,0.30341943026983587,1.139240506329114,7.974683544303798,0.13718375365274146,0.16748383885053827,quantum_advantage_like
random_geometric,12,near,0.8,0.0,0.408029998301142,0.10991811067279908,0.29811188762834295,1.2658227848101267,7.974683544303798,0.13906791310476355,0.16748383885053827,quantum_advantage_like
random_geometric,12,far,0.0,0.8,0.30136235936914635,0.18288582853087554,0.11847653083827081,2.9113924050632916,5.822784810126583,0.1506127129352881,0.16533384401559098,quantum_advantage_like
random_geometric,12,far,0.0,0.8,0.30136235936914635,0.18288582853087554,0.11847653083827081,2.9113924050632916,5.822784810126583,0.1506127129352881,0.16533384401559098,quantum_advantage_like
random_geometric,12,far,0.4,1.4,0.2862857316521271,0.18288582853087554,0.10339990312125158,3.1645569620253164,5.822784810126583,0.15278610976231513,0.16533384401559098,quantum_advantage_like
random_geometric,12,far,0.4,0.0,0.3310604620593143,0.18288582853087554,0.14817463352843874,3.1645569620253164,5.822784810126583,0.14910121425549186,0.16533384401559098,quantum_advantage_like
random_geometric,12,far,0.8,0.8,0.30340046349966876,0.18288582853087554,0.12051463496879322,2.7848101265822787,5.822784810126583,0.15023676008533576,0.16533384401559098,quantum_advantage_like
random_geometric,12,far,0.8,0.0,0.41876383353285335,0.18288582853087554,0.2358780050019778,2.151898734177215,5.822784810126583,0.13379887268379523,0.16533384401559098,quantum_advantage_like
random_geometric,12,high_centrality,0.0,1.4,0.2575207132692702,0.377972241617203,-0.12045152834793282,3.79746835443038,2.5316455696202533,0.15640347145388875,0.1436768881889778,inconclusive
random_geometric,12,high_centrality,0.0,1.4,0.2575207132692702,0.377972241617203,-0.12045152834793282,3.79746835443038,2.5316455696202533,0.15640347145388875,0.1436768881889778,inconclusive
random_geometric,12,high_centrality,0.4,1.4,0.25466496494205326,0.377972241617203,-0.12330727667514974,3.79746835443038,2.5316455696202533,0.15672358371874395,0.1436768881889778,inconclusive
random_geometric,12,high_centrality,0.4,0.2,0.26999103080331033,0.377972241617203,-0.10798121081389267,3.417721518987342,2.5316455696202533,0.1542811382266044,0.1436768881889778,inconclusive
random_geometric,12,high_centrality,0.8,1.4,0.2518482770836623,0.377972241617203,-0.1261239645335407,3.79746835443038,2.5316455696202533,0.15693473131115623,0.1436768881889778,inconclusive
random_geometric,12,high_centrality,0.8,1.4,0.2591630479593261,0.377972241617203,-0.1188091936578769,3.670886075949367,2.5316455696202533,0.1559085035690713,0.1436768881889778,inconclusive
random_geometric,12,low_centrality,0.0,0.0,0.3676477220912239,0.10991811067279908,0.2577296114184249,1.139240506329114,7.974683544303798,0.13847883498969016,0.16748383885053827,quantum_advantage_like
random_geometric,12,low_centrality,0.0,0.0,0.3676477220912239,0.10991811067279908,0.2577296114184249,1.139240506329114,7.974683544303798,0.13847883498969016,0.16748383885053827,quantum_advantage_like
random_geometric,12,low_centrality,0.4,0.2,0.3427986866735481,0.10991811067279908,0.23288057600074905,1.2658227848101267,7.974683544303798,0.14048713083538736,0.16748383885053827,quantum_advantage_like
random_geometric,12,low_centrality,0.4,0.0,0.35455121679588,0.10991811067279908,0.2446331061230809,1.2658227848101267,7.974683544303798,0.13933574071363355,0.16748383885053827,quantum_advantage_like
random_geometric,12,low_centrality,0.8,0.0,0.4133375409426349,0.10991811067279908,0.30341943026983587,1.139240506329114,7.974683544303798,0.13718375365274146,0.16748383885053827,quantum_advantage_like
random_geometric,12,low_centrality,0.8,0.0,0.408029998301142,0.10991811067279908,0.29811188762834295,1.2658227848101267,7.974683544303798,0.13906791310476355,0.16748383885053827,quantum_advantage_like
random_geometric,12,near,0.0,1.4,0.3003320248963437,0.4199855640319943,-0.11965353913565058,2.6582278481012658,2.0253164556962027,0.14939394845987286,0.137202386604605,inconclusive
random_geometric,12,near,0.0,1.4,0.3003320248963437,0.4199855640319943,-0.11965353913565058,2.6582278481012658,2.0253164556962027,0.14939394845987286,0.137202386604605,inconclusive
random_geometric,12,near,0.4,1.4,0.3079920457475469,0.4199855640319943,-0.11199351828444737,2.5316455696202533,2.0253164556962027,0.1486856706982696,0.137202386604605,inconclusive
random_geometric,12,near,0.4,1.4,0.2986823052565666,0.4199855640319943,-0.12130325877542769,2.6582278481012658,2.0253164556962027,0.14974276654458113,0.137202386604605,inconclusive
random_geometric,12,near,0.8,1.4,0.30073644324761684,0.4199855640319943,-0.11924912078437744,2.6582278481012658,2.0253164556962027,0.1495430470829926,0.137202386604605,inconclusive
random_geometric,12,near,0.8,1.4,0.30783009272377865,0.4199855640319943,-0.11215547130821563,2.5316455696202533,2.0253164556962027,0.14845564710976672,0.137202386604605,inconclusive
random_geometric,12,far,0.0,0.0,0.24371349747521706,0.052426312452050886,0.19128718502316616,5.063291139240507,10.0,0.159867119974235,0.1780855373483528,quantum_advantage_like
random_geometric,12,far,0.0,0.0,0.24371349747521706,0.052426312452050886,0.19128718502316616,5.063291139240507,10.0,0.159867119974235,0.1780855373483528,quantum_advantage_like
random_geometric,12,far,0.4,0.2,0.22632926481232238,0.052426312452050886,0.17390295236027148,5.189873417721519,10.0,0.16192599978338476,0.1780855373483528,quantum_advantage_like
random_geometric,12,far,0.4,0.2,0.2085760320393665,0.052426312452050886,0.1561497195873156,5.063291139240507,10.0,0.16315801379001987,0.1780855373483528,quantum_advantage_like
random_geometric,12,far,0.8,0.2,0.22476928645807875,0.052426312452050886,0.17234297400602788,4.556962025316456,10.0,0.1612244661939975,0.1780855373483528,quantum_advantage_like
random_geometric,12,far,0.8,0.2,0.22196012028397497,0.052426312452050886,0.16953380783192407,5.189873417721519,10.0,0.16258428605379832,0.1780855373483528,quantum_advantage_like
random_geometric,12,high_centrality,0.0,1.4,0.3003320248963437,0.4199855640319943,-0.11965353913565058,2.6582278481012658,2.0253164556962027,0.14939394845987286,0.137202386604605,inconclusive
random_geometric,12,high_centrality,0.0,1.4,0.3003320248963437,0.4199855640319943,-0.11965353913565058,2.6582278481012658,2.0253164556962027,0.14939394845987286,0.137202386604605,inconclusive
random_geometric,12,high_centrality,0.4,1.4,0.3079920457475469,0.4199855640319943,-0.11199351828444737,2.5316455696202533,2.0253164556962027,0.1486856706982696,0.137202386604605,inconclusive
random_geometric,12,high_centrality,0.4,1.4,0.2986823052565666,0.4199855640319943,-0.12130325877542769,2.6582278481012658,2.0253164556962027,0.14974276654458113,0.137202386604605,inconclusive
random_geometric,12,high_centrality,0.8,1.4,0.30073644324761684,0.4199855640319943,-0.11924912078437744,2.6582278481012658,2.0253164556962027,0.1495430470829926,0.137202386604605,inconclusive
random_geometric,12,high_centrality,0.8,1.4,0.30783009272377865,0.4199855640319943,-0.11215547130821563,2.5316455696202533,2.0253164556962027,0.14845564710976672,0.137202386604605,inconclusive
random_geometric,12,low_centrality,0.0,0.0,0.25261328279106326,0.050809743312836365,0.2018035394782269,4.050632911392405,10.0,0.15622234958726947,0.17815655543188527,quantum_advantage_like
random_geometric,12,low_centrality,0.0,0.0,0.25261328279106326,0.050809743312836365,0.2018035394782269,4.050632911392405,10.0,0.15622234958726947,0.17815655543188527,quantum_advantage_like
random_geometric,12,low_centrality,0.4,0.0,0.20568395916706755,0.050809743312836365,0.1548742158542312,4.936708860759494,10.0,0.16318559036832064,0.17815655543188527,quantum_advantage_like
random_geometric,12,low_centrality,0.4,0.2,0.20490147345871443,0.050809743312836365,0.15409173014587807,5.3164556962025316,10.0,0.1634388662366025,0.17815655543188527,quantum_advantage_like
random_geometric,12,low_centrality,0.8,0.2,0.2280987788341746,0.050809743312836365,0.17728903552133823,4.4303797468354436,10.0,0.1602314390121299,0.17815655543188527,quantum_advantage_like
random_geometric,12,low_centrality,0.8,0.2,0.20985224556300408,0.050809743312836365,0.15904250225016772,4.6835443037974684,10.0,0.16231429850488657,0.17815655543188527,quantum_advantage_like
