disorder_strength_over_coupling,dephasing_over_coupling,arrival_n,arrival_mean,arrival_std,arrival_sem,arrival_ci95_low,arrival_ci95_high,gain_vs_zero_dephasing_n,gain_vs_zero_dephasing_mean,gain_vs_zero_dephasing_std,gain_vs_zero_dephasing_sem,gain_vs_zero_dephasing_ci95_low,gain_vs_zero_dephasing_ci95_high,loss_population_n,loss_population_mean,loss_population_std,loss_population_sem,loss_population_ci95_low,loss_population_ci95_high,network_population_n,network_population_mean,network_population_std,network_population_sem,network_population_ci95_low,network_population_ci95_high,mean_coherence_l1_n,mean_coherence_l1_mean,mean_coherence_l1_std,mean_coherence_l1_sem,mean_coherence_l1_ci95_low,mean_coherence_l1_ci95_high,final_purity_n,final_purity_mean,final_purity_std,final_purity_sem,final_purity_ci95_low,final_purity_ci95_high,final_entropy_n,final_entropy_mean,final_entropy_std,final_entropy_sem,final_entropy_ci95_low,final_entropy_ci95_high,population_shannon_entropy_n,population_shannon_entropy_mean,population_shannon_entropy_std,population_shannon_entropy_sem,population_shannon_entropy_ci95_low,population_shannon_entropy_ci95_high,participation_ratio_n,participation_ratio_mean,participation_ratio_std,participation_ratio_sem,participation_ratio_ci95_low,participation_ratio_ci95_high,ipr_n,ipr_mean,ipr_std,ipr_sem,ipr_ci95_low,ipr_ci95_high,sink_hitting_time_filled_n,sink_hitting_time_filled_mean,sink_hitting_time_filled_std,sink_hitting_time_filled_sem,sink_hitting_time_filled_ci95_low,sink_hitting_time_filled_ci95_high
0.5,0.0,144,0.39085693390318865,0.1406915884899011,0.011724299040825092,0.36787730778317146,0.41383656002320585,144,0.0,0.0,0.0,0.0,0.0,144,0.2022251085217818,0.027544018493722983,0.0022953348744769154,0.19772625216780704,0.20672396487575656,144,0.40691795757502963,0.11365648110638606,0.009471373425532172,0.38835406566098657,0.4254818494890727,144,3.737864634170373,0.838795175592657,0.06989959796605476,3.600861422156906,3.8748678461838404,144,1.0000000000000002,3.258366790104139e-15,2.715305658420116e-16,0.9999999999999997,1.0000000000000007,144,2.576775131505678e-10,4.692254046076962e-11,3.910211705064135e-12,2.500134982086421e-10,2.653415280924935e-10,144,1.6715974705509224,0.317089496727447,0.02642412472728725,1.6198061860854394,1.7233887550164055,144,4.387480945829272,1.6753661413538292,0.1396138451128191,4.113837809408146,4.661124082250398,144,0.26509488821282473,0.10656742271786109,0.008880618559821757,0.24768887583557408,0.2825009005900754,144,2.7292250233426705,1.3446393437472137,0.11205327864560115,2.5096005971972923,2.9488494494880486
0.5,0.4,144,0.46216279331840965,0.0653941340857319,0.005449511173810991,0.4514817514177401,0.4728438352190792,144,0.07130585941522107,0.0960575271642446,0.008004793930353716,0.05561646331172779,0.08699525551871434,144,0.19307437454420295,0.014605254788030961,0.0012171045656692468,0.19068884959549123,0.19545989949291467,144,0.34476283213738723,0.05133899192995971,0.004278249327496642,0.3363774634554938,0.35314820081928067,144,1.0263955186840765,0.1678562879050401,0.013988023992086674,0.9989789916595866,1.0538120457085665,144,0.11279618659096241,0.019738549044443044,0.0016448790870369203,0.10957222358037005,0.11602014960155477,144,2.2374742086563026,0.16891931681942482,0.014076609734952068,2.2098840535757964,2.265064363736809,144,2.2611539195763397,0.16450869710399063,0.013709058091999219,2.234284165716021,2.2880236734366584,144,9.512293979884937,1.6276909721279755,0.13564091434399797,9.2464377877707,9.778150171999174,144,0.10818635387813717,0.018155703736858177,0.001512975311404848,0.10522092226778366,0.11115178548849068,144,2.283846872082166,0.6779774994841109,0.05649812495700924,2.173110547166428,2.394583196997904
0.5,0.6,144,0.47032852237802114,0.055464982251355446,0.00462208185427962,0.46126924194363306,0.4793878028124092,144,0.07947158847483249,0.11087416382924557,0.009239513652437132,0.06136214171605571,0.09758103523360927,144,0.19167337563338172,0.012410628607959058,0.001034219050663255,0.18964630629408175,0.19370044497268168,144,0.33799810198859703,0.0436548187437358,0.0036379015619779835,0.3308678149271202,0.34512838905007387,144,0.7752280090165241,0.12041853341971163,0.010034877784975969,0.7555596485579712,0.794896369475077,144,0.10955832842112392,0.01894216411137838,0.0015785136759481984,0.10646444161626545,0.1126522152259824,144,2.253373490825907,0.16840199023633656,0.01403349918636138,2.2258678324206387,2.280879149231175,144,2.2680060173173824,0.16550141473166977,0.01379178456097248,2.2409741195778765,2.2950379150568883,144,9.626803855901555,1.6082257854639128,0.13401881545532607,9.364126977609116,9.889480734193993,144,0.10683055471763886,0.0179653825725554,0.0014971152143796167,0.10389620889745481,0.10976490053782291,144,2.212885154061625,0.5630502064812822,0.046920850540106855,2.1209202870030155,2.304850021120234
0.5,0.8,144,0.4745399578284643,0.05000919634391363,0.00416743302865947,0.46637178909229177,0.48270812656463685,144,0.08368302392527556,0.12089975496592728,0.01007497958049394,0.06393606394750743,0.10342998390304368,144,0.19087212180844937,0.011312751228011888,0.0009427292690009907,0.18902437244120743,0.1927198711756913,144,0.33458792036308643,0.03933260886444274,0.003277717405370228,0.3281635942485608,0.3410122464776121,144,0.6346290006239759,0.09621561837175928,0.008017968197646606,0.6189137829565885,0.6503442182913632,144,0.1084363935234788,0.018803455502948353,0.001566954625245696,0.10536516245799724,0.11150762458896035,144,2.2594581700684033,0.1690757748241466,0.014089647902012217,2.2318424601804594,2.2870738799563473,144,2.2702372831122872,0.16686353372853857,0.013905294477378214,2.2429829059366257,2.2974916602879487,144,9.663882414810542,1.613268399959935,0.1344390333299946,9.400381909483754,9.927382920137331,144,0.10644877220342057,0.0180762377261329,0.0015063531438444082,0.10349632004148553,0.10940122436535561,144,2.168067226890756,0.49723497856741566,0.0414362482139513,2.0868521803914115,2.249282273390101
0.5,1.0,144,0.47683580128132064,0.04714167440152567,0.003928472866793806,0.4691359944624048,0.4845356081002365,144,0.08597886737813204,0.12851686507331286,0.010709738756109406,0.0649877794161576,0.10696995534010648,144,0.1903858357003173,0.01088469193475418,0.000907057661229515,0.18860800268430747,0.19216366871632715,144,0.33277836301836206,0.03691750554760481,0.0030764587956337345,0.32674850377891995,0.33880822225780416,144,0.5437692971799007,0.08135453270832707,0.0067795443923605895,0.530481390170874,0.5570572041889275,144,0.10791618067151298,0.0188551863657981,0.001571265530483175,0.10483650023176597,0.11099586111126,144,2.2624600652326725,0.17007585780436726,0.01417298815036394,2.2346810084579594,2.2902391220073857,144,2.2710714274065897,0.16823314368894612,0.014019428640745511,2.2435933472707283,2.298549507542451,144,9.679593850818968,1.6282204908808566,0.13568504090673805,9.413651170641762,9.945536530996174,144,0.10633575021586984,0.01826652152014938,0.0015222101266791149,0.10335221836757878,0.1093192820641609,144,2.1456582633053216,0.4627321307173696,0.03856101089311414,2.070078681954818,2.221237844655825
0.5,1.2,144,0.4780517554136298,0.04597970008872039,0.0038316416740600324,0.47054173773247215,0.4855617730947875,144,0.0871948215104412,0.13471409343829827,0.011226174453191523,0.0651915195821858,0.10919812343869659,144,0.19008625034132404,0.010872908458082147,0.000906075704840179,0.18831034195983729,0.1918621587228108,144,0.33186199424504603,0.03577148005409818,0.0029809566711748482,0.32601931916954335,0.3377046693205487,144,0.47968342058643276,0.07117610119381249,0.005931341766151041,0.4680579907247767,0.4913088504480888,144,0.1076579336390384,0.018980733753759426,0.0015817278128132854,0.10455774712592436,0.11075812015215244,144,2.2640603708946725,0.17112385994728355,0.01426032166227363,2.236110140436616,2.292010601352729,144,2.271272310600691,0.16950904578217904,0.014125753815181587,2.243585833122935,2.2989587880784472,144,9.685672488334363,1.6461586256300564,0.13717988546917137,9.416799912814788,9.954545063853939,144,0.10633847324329608,0.018479801279465035,0.0015399834399554195,0.10332010570098346,0.1093568407856087,144,2.132586367880485,0.4388202252535919,0.03656835210446599,2.0609123977557315,2.2042603380052386
0.5,1.4,144,0.4785921186708296,0.045991545306036045,0.0038326287755030036,0.47108016627084376,0.4861040710708155,144,0.08773518476764093,0.13997610490824827,0.01166467540902069,0.06487242096596038,0.11059794856932148,144,0.18990801418629713,0.011112061404871847,0.0009260051170726539,0.18809304415683473,0.19172298421575953,144,0.3314998671428734,0.035526275887077824,0.0029605229905898187,0.32569724208131734,0.3373024922044294,144,0.43178460373868294,0.06375006245208273,0.005312505204340227,0.4213720935381761,0.44219711393918976,144,0.10754147555215095,0.019137885081642426,0.0015948237568035354,0.10441562098881602,0.11066733011548588,144,2.2648881683551916,0.1721419953581846,0.014345166279848718,2.236771642446688,2.2930046942636952,144,2.2711196260474167,0.1706852436214478,0.014223770301787316,2.2432410362559136,2.2989982158389197,144,9.686155651418208,1.6643331014173317,0.13869442511811098,9.41431457818671,9.957996724649705,144,0.10640439702277095,0.01869795899056699,0.0015581632492139158,0.10335039705431168,0.10945839699123022,144,2.126050420168067,0.4281339262778036,0.03567782718981697,2.0561218788760254,2.195978961460108
0.5,1.6,144,0.47867784463634444,0.04680905133817707,0.003900754278181422,0.47103236625110884,0.48632332302158005,144,0.08782091073315569,0.14457170523099458,0.012047642102582882,0.06420753221209324,0.11143428925421814,144,0.1898145498764772,0.011493965109130044,0.000957830425760837,0.18793720224198596,0.19169189751096843,144,0.33150760548717834,0.0359275763130227,0.002993964692751892,0.3256394346893846,0.33737577628497206,144,0.39443831582545125,0.05807967124222357,0.004839972603518631,0.3849519695225547,0.40392466212834777,144,0.10751135135286713,0.01930966427983815,0.0016091386899865126,0.10435743952049356,0.1106652631852407,144,2.2652414347275487,0.17311530676275835,0.014426275563563197,2.236965934622965,2.2935169348321325,144,2.270746795478706,0.1717781502983226,0.01431484585819355,2.2426896975966466,2.2988038933607653,144,9.683012039602367,1.681781009828892,0.140148417485741,9.408321141330315,9.95770293787442,144,0.10650924289616856,0.018915163366824413,0.0015762636139020345,0.10341976621292057,0.10959871957941655,144,2.1260504201680672,0.41978474610864663,0.03498206217572055,2.057485578303655,2.1946152620324795
0.5,2.0,144,0.4779644793127465,0.04987251748143515,0.004156043123452929,0.46981863479077873,0.48611032383471425,144,0.08710754540955785,0.15236190045624798,0.012696825038020665,0.062221768335037356,0.11199332248407835,144,0.1898018365350062,0.012436113516166887,0.0010363427930139074,0.18777060466069895,0.19183306840931347,144,0.3322336841522472,0.03796109460479871,0.0031634245503998925,0.3260333720334634,0.338433996271031,144,0.3396415639059413,0.04988729127538011,0.004157274272948343,0.3314933063309625,0.3477898214809201,144,0.10760269359594875,0.019671552632258223,0.0016392960526881854,0.1043896733326799,0.1108157138592176,144,2.26510784034261,0.1749404655471889,0.014578372128932407,2.2365342309699026,2.2936814497153177,144,2.269608042715956,0.17378013178793228,0.014481677648994357,2.241223954523927,2.2979921309079847,144,9.670053338332508,1.713719044039761,0.14280992033664675,9.390145894472681,9.949960782192335,144,0.1067874984192925,0.019341400856252324,0.0016117834046876936,0.10362840294610462,0.10994659389248038,144,2.1400560224089635,0.437056148939174,0.036421345744931166,2.0686701847488984,2.2114418600690287
0.55,0.0,144,0.3919813822480498,0.13024584058098904,0.010853820048415752,0.3707078949531549,0.41325486954294466,144,0.0,0.0,0.0,0.0,0.0,144,0.202659474969578,0.025161754779058004,0.0020968128982548338,0.19854972168899854,0.20676922825015748,144,0.4053591427823722,0.10580148990621037,0.00881679082551753,0.3880782327643578,0.4226400528003865,144,3.753333402677683,0.8008165989174476,0.06673471657645397,3.622533358187833,3.8841334471675326,144,0.9999999999999996,2.993919289030051e-15,2.494932740858376e-16,0.9999999999999991,1.0,144,2.5768390912526496e-10,4.692094597808725e-11,3.910078831507271e-12,2.5002015461551073e-10,2.653476636350192e-10,144,1.6826597070268354,0.3196255290727915,0.02663546075606596,1.6304542039449461,1.7348652101087247,144,4.4431015674797685,1.6976642835103695,0.1414720236258641,4.165816401173075,4.720386733786462,144,0.2614286899667302,0.10498417355406257,0.008748681129505215,0.24428127495289997,0.2785761049805604,144,2.695611577964519,1.4115367796923382,0.11762806497436151,2.4650605706147704,2.9261625853142674
0.55,0.4,144,0.46149372939388456,0.06384935866774608,0.00532077988897884,0.45106500081148604,0.47192245797628307,144,0.06951234714583486,0.08868100501806483,0.007390083751505403,0.05502778299288427,0.08399691129878545,144,0.1932484554078044,0.014043111064931545,0.001170259255410962,0.1909547472671989,0.19554216354840986,144,0.3452578151983109,0.05030609533506031,0.004192174611255026,0.33704115296025106,0.3534744774363707,144,1.0268308315645862,0.16264393879756123,0.013553661566463435,1.0002656548943178,1.0533960082348546,144,0.11247095047155233,0.019673695033966935,0.0016394745861639112,0.10925758028267106,0.11568432066043359,144,2.2390969784552133,0.16951021044294398,0.014125850870245331,2.211410310749532,2.2667836461608943,144,2.262552111929198,0.16511634099003525,0.013759695082502937,2.235583109567492,2.2895211142909035,144,9.535176571888487,1.6332078643102763,0.1361006553591897,9.268419287384475,9.801933856392498,144,0.10793271105568769,0.01813593140477195,0.0015113276170643291,0.1049705089262416,0.11089491318513378,144,2.273576097105509,0.6419515297324939,0.05349596081104116,2.168724013915868,2.3784281802951495
0.55,0.6,144,0.4696407458066362,0.054281554921086446,0.0045234629100905374,0.4607747585028587,0.47850673311041364,144,0.07765936355858638,0.10164999985812376,0.008470833321510314,0.061056530248426166,0.0942621968687466,144,0.19178621841446283,0.011978290297039888,0.0009981908580866574,0.18982976433261298,0.1937426724963127,144,0.3385730357789011,0.04285514421506562,0.003571262017922135,0.3315733622237737,0.34557270933402845,144,0.7751636745658232,0.11755897295507461,0.00979658107958955,0.7559623756498277,0.7943649734818188,144,0.10944180630661661,0.01901423841233829,0.0015845198676948575,0.10633614736593469,0.11254746524729853,144,2.254052021067887,0.16918082051900746,0.014098401709917288,2.2264191537164493,2.281684888419325,144,2.268660720759278,0.1662582265451101,0.01385485221209251,2.241505210423577,2.2958162310949795,144,9.63877529111994,1.6165087373271603,0.13470906144393002,9.374745530689836,9.902805051550043,144,0.10672609429458953,0.018045983523121426,0.0015038319602601188,0.10377858365247969,0.10967360493669936,144,2.187675070028011,0.5395092902476764,0.044959107520639696,2.099555219287557,2.275794920768465
0.55,0.8,144,0.47394459876006956,0.04883020740317814,0.004069183950264845,0.46596899821755045,0.48192019930258867,144,0.08196321651201978,0.11054718855457729,0.00921226571288144,0.06390717571477215,0.1000192573092674,144,0.19094613718536238,0.010891494795196082,0.0009076245662663402,0.18916719303548035,0.1927250813352444,144,0.33510926405456815,0.038536298414196084,0.003211358201183007,0.32881500198024943,0.34140352612888686,144,0.6344785091481683,0.09434952129604922,0.007862460108004102,0.6190680873364802,0.6498889309598563,144,0.10836761447985516,0.01888633088853049,0.0015738609073775408,0.10528284710139518,0.11145238185831513,144,2.2598636481196888,0.16975179885737696,0.014145983238114746,2.2321375209729837,2.287589775266394,144,2.2706582560888884,0.16750638961672654,0.013958865801393877,2.2432988791181563,2.2980176330596205,144,9.672736650136825,1.621910282309265,0.13515919019243874,9.407824637359646,9.937648662914004,144,0.10638117560725908,0.01816022758085021,0.001513352298404184,0.10341500510238688,0.10934734611213129,144,2.1521942110177403,0.4688715983589158,0.03907263319657631,2.075611849952451,2.2287765720830297
0.55,1.0,144,0.4763363027483337,0.04590038516468795,0.0038250320970573295,0.46883923983810133,0.4838333656585661,144,0.08435492050028397,0.11741298637140272,0.009784415530950228,0.06517746605962152,0.10353237494094641,144,0.19043640467086856,0.010445063736933274,0.0008704219780777729,0.18873037759383612,0.192142431747901,144,0.33322729258079764,0.03609020342568897,0.0030075169521407478,0.32733255935460176,0.3391220258069935,144,0.5436696299186612,0.07992906072322191,0.006660755060268492,0.5306145500005349,0.5567247098367875,144,0.10786424995084756,0.01892493467214628,0.0015770778893455233,0.10477317728773033,0.11095532261396479,144,2.2627514529635295,0.17061459143135949,0.014217882619279957,2.234884403029741,2.2906185028973183,144,2.2713818097288736,0.16874233287026402,0.014061861072522002,2.2438205620267304,2.298943057431017,144,9.686746441574932,1.6359827804686033,0.1363318983723836,9.41953592076506,9.953956962384805,144,0.10628332653255568,0.018336047776642387,0.0015280039813868657,0.10328843872903742,0.10927821433607393,144,2.125116713352007,0.43350646107457036,0.03612553842288086,2.0543106580431605,2.1959227686608536
0.55,1.2,144,0.47762953104930816,0.04468754907757979,0.003723962423131649,0.47033056469997014,0.4849284973986462,144,0.08564814880125841,0.12307741642546163,0.01025645136878847,0.06554550411843302,0.10575079348408381,144,0.19012286079869944,0.010419304055823161,0.0008682753379852634,0.18842104113624833,0.19182468046115056,144,0.3322476081519924,0.03492048700523846,0.002910040583769872,0.32654392860780346,0.3379512876961813,144,0.4796071987765129,0.0699899370550756,0.0058324947545896335,0.46817550905751726,0.4910388884955086,144,0.10761533716598731,0.01903604081207275,0.0015863367343393958,0.1045061171666821,0.11072455716529253,144,2.264287185955885,0.17155152449918531,0.01429596037493211,2.2362671036210178,2.292307268290752,144,2.2715155178475848,0.16991307453356483,0.014159422877797069,2.2437630490071023,2.299267986688067,144,9.691593732793635,1.6527934021548458,0.13773278351290383,9.421637477108343,9.961549988478927,144,0.10629529314348324,0.018534857160355675,0.0015445714300296395,0.10326793314062514,0.10932265314634133,144,2.110177404295051,0.4107459891165611,0.03422883242638009,2.043088892739346,2.177265915850756
0.55,1.4,144,0.4782293054232451,0.04468046147457469,0.0037233717895478907,0.47093149671573126,0.48552711413075894,144,0.0862479231751953,0.12794481966411533,0.010662068305342944,0.06535026929672313,0.10714557705366748,144,0.18993620519020196,0.010657407950363414,0.0008881173291969512,0.18819549522497594,0.19167691515542798,144,0.33183448938655297,0.03466837448611467,0.0028890312071762226,0.3261719882204876,0.33749699055261834,144,0.43169889553873125,0.06275139435590502,0.005229282862992085,0.42144950112726676,0.44194828995019575,144,0.10750563099344813,0.019181759805007546,0.0015984799837506288,0.1043726102252969,0.11063865176159937,144,2.2650709176650206,0.17248806270651806,0.014374005225543171,2.236897867422956,2.293243967907085,144,2.2713157500985943,0.1710126661239083,0.014251055510325692,2.243383681298356,2.2992478188988326,144,9.691116788068188,1.6699626335996254,0.13916355279996878,9.418356224580249,9.963877351556127,144,0.1063681010235132,0.01874172131945492,0.0015618101099545768,0.10330695320800223,0.10942924883902416,144,2.1083099906629315,0.39931457003054677,0.03327621416921223,2.0430886108912754,2.1735313704345876
0.55,1.6,144,0.47836103301550165,0.04551079487495366,0.0037925662395794715,0.47092760318592586,0.48579446284507743,144,0.08637965076745188,0.13223895647584916,0.011019913039654097,0.06478062120972986,0.10797868032517391,144,0.18983750240437083,0.01104974006984764,0.0009208116724873034,0.18803271152629572,0.19164229328244595,144,0.3318014645801276,0.03507965681656974,0.0029233047347141453,0.3260717873000879,0.3375311418601673,144,0.3943528618467174,0.05722056134821285,0.004768380112351071,0.3850068368265093,0.4036988868669255,144,0.10748099989537746,0.019345074369823526,0.0016120895308186273,0.10432130441497295,0.11064069537578197,144,2.265390659012129,0.17340183758764563,0.014450153132303802,2.2370683588728135,2.2937129591514442,144,2.2709068959141496,0.17204977139751323,0.01433748094979277,2.2428054332525558,2.2990083585757435,144,9.687200068518813,1.6866001846450012,0.14055001538708342,9.411722038360129,9.962678098677497,144,0.10647856206534143,0.018950547527023583,0.0015792122939186318,0.1033833059692609,0.10957381816142195,144,2.119514472455649,0.39400276893850894,0.03283356407820908,2.0551606868623593,2.1838682580489386
0.55,2.0,144,0.47771338566706806,0.048664578059314186,0.004055381504942849,0.46976483791738005,0.48566193341675606,144,0.08573200341901825,0.1396054508687035,0.011633787572391958,0.06292977977713002,0.10853422706090649,144,0.1898191223651306,0.012032170059726077,0.0010026808383105065,0.187853867922042,0.1917843768082192,144,0.33246749196780145,0.03716962169216352,0.00309746847434696,0.3263964537580814,0.3385385301775215,144,0.3395829033407438,0.049237467996274945,0.004103122333022912,0.3315407835680189,0.3476250231134687,144,0.10758110042663174,0.019696104084681115,0.0016413420070567595,0.10436407009280049,0.11079813076046299,144,2.265207353367889,0.17514925183454022,0.014595770986211684,2.236599642234914,2.2938150645008637,144,2.2697149605545253,0.17397873651696788,0.014498228043080657,2.241298433590087,2.2981314875189636,144,9.673074755020103,1.7174099266811873,0.14311749389009895,9.392564466995509,9.953585043044697,144,0.10676571686042408,0.019365925534316007,0.0016138271278596673,0.10360261568981913,0.10992881803102902,144,2.1204481792717087,0.410573896970382,0.0342144914141985,2.0533877760998798,2.1875085824435376
0.6,0.0,144,0.3861002283902009,0.13133050311267572,0.010944208592722977,0.3646495795484639,0.40755087723193795,144,0.0,0.0,0.0,0.0,0.0,144,0.20262484301732225,0.02548274602925482,0.0021235621691045683,0.1984626611658773,0.2067870248687672,144,0.41127492859247705,0.1064933882414758,0.008874449020122984,0.393881008513036,0.4286688486719181,144,3.7430413869891876,0.7965373544371827,0.06637811286976522,3.6129402857644477,3.8731424882139276,144,0.9999999999999992,2.9956749750404152e-15,2.496395812533679e-16,0.9999999999999988,0.9999999999999997,144,2.576891517826765e-10,4.691468546175473e-11,3.909557121812895e-12,2.500264198239232e-10,2.6535188374142975e-10,144,1.65521370026242,0.31882811035540476,0.02656900919628373,1.603138442237704,1.7072889582871362,144,4.296299847790247,1.6186686916702189,0.1348890576391849,4.031917294817445,4.560682400763049,144,0.2715019851042481,0.11480028809559302,0.009566690674632752,0.2527512713819679,0.2902526988265283,144,2.706816059757236,1.464280366382593,0.12202336386521608,2.4676502665814124,2.9459818529330595
0.6,0.4,144,0.46207045456074664,0.06419870957856134,0.005349892464880112,0.45158466532958164,0.47255624379191163,144,0.07597022617054577,0.09035245642279828,0.007529371368566524,0.06121265828815539,0.09072779405293616,144,0.19299228665508147,0.014415789597130581,0.0012013157997608818,0.19063770768755015,0.1953468656226128,144,0.3449372587841716,0.050315917827036975,0.0041929931522530816,0.3367189922057555,0.35315552536258765,144,1.0253581703221097,0.16691584238323737,0.013909653531936447,0.9980952493995143,1.0526210912447052,144,0.11306473075562769,0.020022472096358903,0.0016685393413632418,0.10979439364655573,0.11633506786469965,144,2.236078581211663,0.16987430991715638,0.014156192493096366,2.208332443925194,2.2638247184981317,144,2.2599451593785442,0.165190596108961,0.013765883009080083,2.232964028680747,2.2869262900763414,144,9.498939549698832,1.646756235176292,0.137229686264691,9.229969364620038,9.767909734777627,144,0.10841583493009578,0.018399298573394802,0.0015332748811162334,0.10541061616310796,0.1114210536970836,144,2.26890756302521,0.6820467746461402,0.05683723122051168,2.157506589833007,2.380308536217413
0.6,0.6,144,0.4706130841904531,0.05525639874992901,0.004604699895827418,0.4615878723946314,0.47963829598627483,144,0.08451285580025224,0.10421335857037314,0.008684446547531095,0.06749134056709129,0.10153437103341319,144,0.1915516329825374,0.012503195978543227,0.0010419329982119356,0.18950944430604202,0.1935938216590328,144,0.33783528282700953,0.04333896211266762,0.003611580176055635,0.3307565856819405,0.34491397997207857,144,0.7749628412899543,0.12053697587308224,0.01004474798942352,0.7552751352306842,0.7946505473492244,144,0.10970474125916846,0.019095236886585657,0.0015912697405488048,0.1065858525676928,0.11282362995064411,144,2.252698174899239,0.1688850452850243,0.014073753773752024,2.2251136175026853,2.280282732295793,144,2.2674156268923102,0.1658884354941111,0.013824036291175923,2.2403205157616055,2.294510738023015,144,9.619575870393598,1.6203046612067566,0.1350253884338964,9.354926109063161,9.884225631724036,144,0.10695473141594443,0.018097339304048176,0.0015081116086706813,0.10399883266294989,0.10991063016893897,144,2.2007469654528475,0.565932795287703,0.047161066273975254,2.108311275555856,2.293182655349839
0.6,0.8,144,0.4749579920774241,0.050340093205664425,0.004195007767138702,0.4667357768538323,0.48318020730101596,144,0.0888577636872232,0.11356760399480195,0.00946396699956683,0.07030838836807221,0.10740713900637419,144,0.19073789493542556,0.011543356782171556,0.0009619463985142963,0.18885247999433755,0.19262330987651358,144,0.3343041129871504,0.03942148922312102,0.0032851241019267517,0.32786526974737396,0.34074295622692685,144,0.6344534501660646,0.09660475397908375,0.008050396164923646,0.6186746736828143,0.6502322266493149,144,0.10851251727442242,0.018887885272129763,0.001573990439344147,0.10542749601330789,0.11159753853553694,144,2.2591244293112442,0.16933448526025738,0.014111207105021449,2.231466463385402,2.2867823952370863,144,2.2699393670117263,0.16707482405825447,0.01392290200485454,2.2426504790822115,2.297228254941241,144,9.66028286690981,1.6208917588450518,0.13507431323708766,9.395537212965118,9.925028520854502,144,0.10651413531087481,0.01814845525360219,0.0015123712711335158,0.10354988761945312,0.1094783830022965,144,2.1633986928104574,0.5078104169003886,0.04231753474169905,2.080456324716727,2.2463410609041876
0.6,1.0,144,0.47729451584819393,0.04777733852596707,0.003981444877163923,0.46949088388895266,0.4850981478074352,144,0.09119428745799307,0.1206721009663709,0.010056008413864241,0.07148451096681915,0.11090406394916699,144,0.19024953614724188,0.011175250830087306,0.0009312709025072755,0.18842424517832762,0.19207482711615614,144,0.33245594800456413,0.037251351072383046,0.0031042792560319206,0.3263715606627416,0.33854033534638667,144,0.5434931622458702,0.08181620346955273,0.006818016955796061,0.5301298490125099,0.5568564754792305,144,0.10795928227097412,0.01890001025348576,0.0015750008544571465,0.10487228059623811,0.11104628394571013,144,2.2622763621186497,0.1701986412577594,0.014183220104813285,2.2344772507132156,2.290075473524084,144,2.270903580590323,0.16832963777775284,0.014027469814812737,2.24340973975329,2.298397421427356,144,9.677508889306662,1.6328449226744273,0.13607041022286895,9.41081088526984,9.944206893343484,144,0.10637316419844295,0.018303853584920128,0.0015253211320766773,0.10338353477957266,0.10936279361731324,144,2.136321195144724,0.46984516048649116,0.039153763373874266,2.0595798189319305,2.2130625713575176
0.6,1.2,144,0.4785137256682516,0.04677681724988068,0.003898068104156723,0.47087351218410445,0.4861539391523988,144,0.09241349727805075,0.12645696388291536,0.01053808032357628,0.07175885984384124,0.11306813471226025,144,0.18995189712200083,0.01118038655458379,0.0009316988795486492,0.18812576731808547,0.1917780269259162,144,0.33153437720974754,0.036249444745784336,0.0030207870621486946,0.3256136345679361,0.33745511985155896,144,0.4793429885097564,0.07162542034864396,0.005968785029053663,0.4676441698528112,0.49104180716670154,144,0.10768496101664497,0.019002759035073407,0.001583563252922784,0.10458117704091632,0.11078874499237362,144,2.2639465564264825,0.17116677750009682,0.014263898125008069,2.235989316101467,2.291903796751498,144,2.2711664541851917,0.1695365295049172,0.014128044125409767,2.2434754876993885,2.298857420670995,144,9.684217988598613,1.6488062979521727,0.13740052482934773,9.414912959933092,9.953523017264134,144,0.10636204906350627,0.018497055651136407,0.0015414213042613673,0.10334086330715399,0.10938323481985855,144,2.1223155929038278,0.4525913559018301,0.03771594632515251,2.0483923381065288,2.1962388477011268
0.6,1.4,144,0.47904218132843013,0.04685773561830956,0.0039048113015257967,0.47138875117743956,0.4866956114794207,144,0.09294195293822928,0.13137551983597742,0.010947959986331452,0.07148395136501963,0.11439995451143893,144,0.18977713774338023,0.011413967616736144,0.0009511639680613453,0.18791285636597999,0.19164141912078048,144,0.3311806809281894,0.03607976970977564,0.0030066474758146367,0.3252876518755927,0.3370737099807861,144,0.4314189723719624,0.06415462060552625,0.005346218383793854,0.42094038433972647,0.44189756040419836,144,0.10756032695251155,0.019147416669253795,0.0015956180557711497,0.1044329155632001,0.11068773834182301,144,2.2648087950016826,0.1721417819373294,0.01434514849477745,2.236692303951919,2.2929252860514464,144,2.271045071798038,0.17067538855801262,0.014222949046501052,2.243168091666896,2.29892205192918,144,9.684979202149533,1.6657417633539762,0.13881181361283135,9.412908047468383,9.957050356830683,144,0.1064208554923126,0.01870429537916211,0.0015586912815968425,0.1033658205803828,0.10947589040424241,144,2.1204481792717083,0.4371194177102259,0.036426618142518824,2.0490520077123713,2.1918443508310452
0.6,1.6,144,0.47911012421649574,0.04768575521614687,0.003973812934678906,0.4713214508645251,0.4868987975684664,144,0.09300989582629486,0.13567846719146343,0.011306538932621952,0.07084907951835584,0.11517071213423388,144,0.18968773237280015,0.011779706913272032,0.0009816422427726694,0.18776371357696572,0.19161175116863458,144,0.33120214341070414,0.03650996507844366,0.003042497089870305,0.32523884911455836,0.3371654377068499,144,0.3940839084014169,0.05842853218884017,0.0048690443490700145,0.38454058147723963,0.40362723532559414,144,0.10752605729534798,0.019312885759802056,0.0016094071466501714,0.10437161928791364,0.11068049530278232,144,2.2651790027032472,0.17309459609725858,0.014424549674771548,2.236906885340695,2.2934511200657997,144,2.270687940023544,0.17175091861406247,0.014312576551171872,2.242635289983247,2.298740590063841,144,9.681959608126151,1.6824552725979136,0.14020460604982612,9.407158580268492,9.95676063598381,144,0.10652210493183878,0.018916107828547763,0.001576342319045647,0.10343247398650932,0.10961173587716824,144,2.1241830065359477,0.4306690877950724,0.03588909064958937,2.0538403888627528,2.1945256242091427
0.6,2.0,144,0.4783569764801372,0.05068133360094741,0.004223444466745618,0.47007902532531576,0.48663492763495864,144,0.09225674808993628,0.1429944673073594,0.011916205608946616,0.06890098509640091,0.11561251108347165,144,0.1896837021897168,0.012680628634215199,0.0010567190528512666,0.18761253284612833,0.19175487153330528,144,0.33195932133014594,0.03852234477819682,0.0032101953981830684,0.3256673383497071,0.33825130431058475,144,0.33933769015421156,0.05015346236058936,0.00417945519671578,0.33114595796864865,0.34752942233977446,144,0.1076148768356388,0.019671414837110594,0.0016392845697592161,0.10440187907891074,0.11082787459236687,144,2.2650545852982344,0.1749126900535042,0.014576057504458685,2.2364855125894954,2.2936236580069735,144,2.269557690901699,0.17374849122389396,0.014479040935324497,2.241178770668463,2.2979366111349346,144,9.669047862874756,1.713787828280764,0.14281565235673033,9.389129184255564,9.948966541493947,144,0.10679835527688242,0.01933987624591432,0.0016116563538261933,0.10363950882338308,0.10995720173038176,144,2.130718954248366,0.4444616729957652,0.037038472749647104,2.058123547659058,2.203314360837674
0.65,0.0,144,0.39040405789561405,0.13460904882057814,0.011217420735048179,0.3684179132549196,0.4123902025363085,144,0.0,0.0,0.0,0.0,0.0,144,0.2021734802888161,0.026288772373600652,0.0021907310311333875,0.19787964746779466,0.20646731310983754,144,0.40742246181556974,0.1088235122269721,0.009068626018914342,0.3896479548184976,0.42519696881264185,144,3.769098373955788,0.8591567934414954,0.07159639945345796,3.6287694310270107,3.9094273168845657,144,1.0000000000000002,2.958674187009909e-15,2.4655618225082576e-16,0.9999999999999998,1.0000000000000007,144,2.576757608083017e-10,4.6919701770538205e-11,3.909975147544851e-12,2.5001220951911376e-10,2.653393120974896e-10,144,1.6490469781143946,0.333408914486215,0.027784076207184583,1.5945901887483127,1.7035037674804765,144,4.191615763570705,1.6156352193423056,0.13463626827852546,3.927728677744795,4.4555028493966145,144,0.2787863997228654,0.11870742051139875,0.009892285042616562,0.25939752103933694,0.29817527840639385,144,2.6470588235294117,1.2663366269844145,0.10552805224870121,2.4402238411219574,2.853893805936866
0.65,0.4,144,0.4632129322423641,0.06377562696509893,0.005314635580424911,0.45279624650473127,0.4736296179799969,144,0.07280887434675,0.09095265102467555,0.007579387585389629,0.057953274679386324,0.08766447401411367,144,0.1929450848125488,0.014288111521813415,0.0011906759601511179,0.1906113599306526,0.195278809694445,144,0.3438419829450871,0.04994845666238809,0.004162371388532341,0.33568373502356375,0.3520002308666105,144,1.0299049249639407,0.17029466189389125,0.014191221824490938,1.0020901301879386,1.0577197197399428,144,0.11264110614683516,0.019664894270853085,0.0016387411892377572,0.10942917341592916,0.11585303887774116,144,2.2384579969137253,0.1694251388523582,0.014118761571029849,2.210785224234507,2.2661307695929436,144,2.2620560300426646,0.16512027505924184,0.013760022921603486,2.235086385116322,2.2890256749690074,144,9.524384647338964,1.6313193204936907,0.13594327670780756,9.25793582499166,9.790833469686268,144,0.10805338450267156,0.018145398283578383,0.001512116523631532,0.10508963611635376,0.11101713288898936,144,2.2754435107376283,0.6231992156019149,0.05193326796682624,2.173654305522649,2.3772327159526077
0.65,0.6,144,0.4711961100190383,0.05456825132984373,0.004547354277486977,0.4622832956351638,0.48010892440291275,144,0.0807920521234243,0.10408581504478945,0.00867381792039912,0.06379136899944203,0.09779273524740657,144,0.19157831361648422,0.012253711711829233,0.001021142642652436,0.18957687403688545,0.193579753196083,144,0.33722557636447736,0.04283703152982684,0.00356975262748557,0.33022886121460565,0.3442222915143491,144,0.7775760872438612,0.12155547466942906,0.010129622889119089,0.7577220263811878,0.7974301481065346,144,0.1094541863678711,0.01904945078209081,0.001587454231840901,0.10634277607346294,0.11256559666227926,144,2.254186965244775,0.16938707390201846,0.014115589491834871,2.2265204098407785,2.2818535206487716,144,2.268756615963718,0.16647584947971047,0.01387298745664254,2.2415655605486986,2.2959476713787375,144,9.639158841209065,1.6194491925219259,0.13495409937682715,9.374648806430484,9.903668875987647,144,0.10673372478143903,0.018084477572900787,0.0015070397977417322,0.10377992677786523,0.10968752278501283,144,2.2100840336134455,0.5229704849887883,0.04358087374906569,2.124665521065277,2.295502546161614
0.65,0.8,144,0.47517679482874037,0.04946850219334857,0.004122375182779047,0.4670969394704934,0.4832566501869873,144,0.0847727369331264,0.11282521909895515,0.009402101591579596,0.0663446178136304,0.1032008560526224,144,0.1908138201193685,0.011221405048929066,0.0009351170874107555,0.18898099062804344,0.19264664961069358,144,0.3340093850518911,0.03881660982944957,0.0032347174857874643,0.3276693387797477,0.3403494313240345,144,0.6362649848285981,0.09662373239064366,0.008051977699220305,0.6204831085381263,0.6520468611190698,144,0.10836332923389166,0.018959687930554043,0.001579973994212837,0.10526658020523451,0.11146007826254882,144,2.2600698475208634,0.1701098032067018,0.014175816933891817,2.2322852463304352,2.2878544487112915,144,2.2708021223766903,0.16785326349354107,0.01398777195779509,2.243386089339412,2.2982181554139687,144,9.674810864275315,1.6275407371220947,0.13562839476017455,9.408979210545374,9.940642518005257,144,0.10638045120772105,0.018230445413794878,0.0015192037844829066,0.10340281179013455,0.10935809062530755,144,2.1755368814192346,0.4683742181235862,0.03903118484363218,2.0990357591257154,2.252038003712754
0.65,1.0,144,0.4772709224214575,0.04677993249759982,0.003898327708133318,0.4696302001135162,0.48491164472939885,144,0.08686686452584357,0.11948510816959636,0.009957092347466364,0.06735096352480949,0.10638276552687764,144,0.19036019084804745,0.010813970474831045,0.0009011642062359205,0.18859390900382506,0.19212647269226985,144,0.3323688867304949,0.0365697616491819,0.003047480137431825,0.3263958256611285,0.3383419477998613,144,0.545030574605986,0.08136062707265714,0.0067800522560547615,0.5317416721841187,0.5583194770278533,144,0.10787061215972243,0.019017059464572463,0.0015847549553810387,0.1047644924471756,0.11097673187226927,144,2.2628886718030388,0.17102866264099764,0.01425238855341647,2.2349539902383424,2.290823353367735,144,2.2714680192759555,0.16913747657648628,0.014094789714707191,2.2438422314351296,2.2990938071167815,144,9.688339937869406,1.642864555648952,0.13690537963741267,9.420005393780077,9.956674481958736,144,0.10629313354533192,0.01842266454747554,0.0015352220456229615,0.10328409833591091,0.10930216875475292,144,2.15126050420168,0.43691150020149094,0.03640929168345758,2.0798982925021035,2.222622715901257
0.65,1.2,144,0.478326265165163,0.04570818667098599,0.0038090155559154988,0.4708605946755686,0.4857919356547574,144,0.087922207269549,0.12496526790108117,0.010413772325090097,0.06751121351237241,0.10833320102672558,144,0.1900875299243023,0.010803817511400674,0.0009003181259500562,0.1883229063974402,0.1918521534511644,144,0.3315862049105346,0.035521649141212884,0.002960137428434407,0.32578433555080316,0.337388074270266,144,0.4807177394014701,0.07101756095349918,0.005918130079458264,0.46911820444573193,0.4923172743572083,144,0.10763347778440743,0.019134887326912264,0.0015945739439093554,0.1045081128543451,0.11075884271446977,144,2.2643488743642664,0.1719735144577305,0.014331126204810874,2.236259867002837,2.2924378817256956,144,2.271539564310468,0.1703148708406978,0.014192905903391484,2.2437214687398206,2.299357659881115,144,9.692396107063198,1.6600315668675651,0.13833596390563044,9.421257617808163,9.963534596318233,144,0.10631572943191858,0.0186277166508305,0.0015523097209025416,0.1032732023789496,0.10935825648488756,144,2.140056022408963,0.4211471228268619,0.03509559356890516,2.071268659013909,2.208843385804017
0.65,1.4,144,0.4787425893849682,0.04576251280889713,0.0038135427340747607,0.4712680456261817,0.48621713314375475,144,0.08833853148935428,0.1296799575279745,0.01080666312733121,0.0671574717597851,0.10951959121892345,144,0.18993075122840444,0.011037759066095469,0.0009198132555079557,0.18812791724760886,0.19173358520920003,144,0.33132665938662714,0.03533298700305916,0.0029444155835882634,0.32555560484279417,0.3370977139304601,144,0.4326557747035346,0.06351673563011072,0.005293061302509227,0.42228137455061654,0.4430301748564527,144,0.10753227851562829,0.019280879898903328,0.0016067399915752772,0.10438306813214074,0.11068148889911583,144,2.265074563133603,0.1728962158480455,0.014408017987337124,2.2368348478784226,2.2933142783887837,144,2.2712918720002384,0.1714020266902508,0.014283502224187568,2.2432962076408307,2.299287536359646,144,9.6912355670222,1.6770659315761216,0.13975549429801012,9.4173147981981,9.9651563358463,144,0.10639614854857375,0.018835190491145067,0.0015695992075954223,0.10331973410168672,0.10947256299546078,144,2.1269841269841265,0.4145372370808652,0.034544769756738765,2.0592763782609187,2.1946918757073344
0.65,1.6,144,0.4787332973939592,0.046595642292957304,0.003882970191079775,0.47112267581944284,0.48634391896847556,144,0.08832923949834523,0.13384867829855684,0.011154056524879738,0.06646728870958095,0.11019119028710951,144,0.18985410368786518,0.01141274820674139,0.0009510623505617825,0.18799002148076407,0.19171818589496628,144,0.33141259891817554,0.0357648117996294,0.0029804009833024497,0.32557101299090274,0.33725418484544833,144,0.39521841907457134,0.05781301997045473,0.004817751664204561,0.3857756258127304,0.4046612123364123,144,0.10751292509819274,0.019441296440070793,0.0016201080366725661,0.10433751334631451,0.11068833685007097,144,2.265354136910256,0.17378744409017707,0.014482287007514756,2.236968854375527,2.293739419444985,144,2.2708498786209725,0.17241885332372767,0.014368237776977306,2.242688132578097,2.299011624663848,144,9.686814458953632,1.693332715667229,0.14111105963893575,9.410236782061318,9.963392135845947,144,0.10651132913045155,0.019041744846983708,0.0015868120705819758,0.10340117747211088,0.10962148078879223,144,2.136321195144725,0.41528625988947554,0.03460718832412296,2.0684911060294437,2.204151284260006
0.65,2.0,144,0.47789117263931874,0.04965220457856346,0.004137683714880288,0.46978131255815336,0.4860010327204841,144,0.08748711474370473,0.14102228340033374,0.011751856950027811,0.06445347512165021,0.11052075436575924,144,0.18986445318651166,0.012342397995981573,0.0010285331663317978,0.18784852818050132,0.191880378192522,144,0.33224437417416963,0.03781617844406837,0.003151348203672364,0.3260677316949718,0.3384210166533675,144,0.3403213828274881,0.04964150105443821,0.004136791754536517,0.3322132709885965,0.3484294946663797,144,0.10761682759758673,0.0197832253960426,0.0016486021163368834,0.10438556744956644,0.11084808774560702,144,2.2651291281823203,0.1754847969125523,0.014623733076046025,2.23646661135327,2.2937916450113707,144,2.269624402672389,0.17430226521644998,0.014525188768037498,2.2411550326870358,2.2980937726577424,144,9.672148706411447,1.7231965229795212,0.14359971024829343,9.390693274324791,9.953604138498102,144,0.1068017949820893,0.019449331911658492,0.0016207776593048743,0.10362507076985175,0.10997851919432686,144,2.138188608776844,0.42794215800579016,0.035661846500482514,2.068291389635898,2.20808582791779
0.7,0.0,144,0.3827719191571698,0.13215998439206256,0.01101333203267188,0.3611857883731329,0.40435804994120667,144,0.0,0.0,0.0,0.0,0.0,144,0.20363690727879308,0.026093568034933602,0.0021744640029111337,0.19937495783308726,0.2078988567244989,144,0.4135911735640374,0.10662521230747289,0.008885434358956074,0.3961757222204835,0.43100662490759134,144,3.7771681360344402,0.8519126202848123,0.07099271835706769,3.6380224080545878,3.9163138640142927,144,0.9999999999999996,3.366692381124752e-15,2.8055769842706267e-16,0.999999999999999,1.0,144,2.576847816614153e-10,4.6919540463675385e-11,3.909961705306282e-12,2.50021256719015e-10,2.653483066038156e-10,144,1.66302492499103,0.32933649951473903,0.02744470829289492,1.609233296736956,1.716816553245104,144,4.333988336465757,1.8250785700654868,0.15208988083879058,4.035892170021728,4.632084502909787,144,0.2741931154796818,0.116999382997326,0.0097499485831105,0.2550832162567852,0.29330301470257836,144,2.7226890756302518,1.4011245655445101,0.11676038046204251,2.4938387299246485,2.951539421335855
0.7,0.4,144,0.4600793416242666,0.06363355929643891,0.005302796608036575,0.44968586027251495,0.4704728229760183,144,0.07730742246709688,0.08850359245047196,0.007375299370872663,0.06285183570018646,0.09176300923400729,144,0.1935639683568296,0.014393979734533388,0.0011994983112111157,0.1912129516668558,0.19591498504680338,144,0.34635669001890373,0.04974893127087937,0.004145744272573281,0.3382310312446601,0.3544823487931474,144,1.0302743396830256,0.16934323452093583,0.014111936210077987,1.0026149447112727,1.0579337346547786,144,0.11305481606761865,0.019812312000276527,0.001651026000023044,0.10981880510757348,0.11629082702766382,144,2.2365700689462917,0.16977996324509756,0.014148330270424796,2.208839341616259,2.2643007962763244,144,2.260600640310241,0.16540299190422414,0.013783582658685345,2.2335848182992177,2.2876164623212643,144,9.499315876710755,1.6361986152268388,0.13634988460223657,9.232070102890372,9.766561650531138,144,0.10836735866642577,0.018262528838064885,0.0015218774031720737,0.1053844789562085,0.11135023837664304,144,2.303454715219421,0.6514001871795458,0.05428334893162882,2.1970593513134284,2.4098500791254134
0.7,0.6,144,0.4689307634183763,0.05424468521504187,0.004520390434586822,0.46007079816658614,0.4777907286701665,144,0.08615884426120651,0.10230363046662905,0.008525302538885754,0.06944925128499044,0.10286843723742259,144,0.1920174340939981,0.012313031423291355,0.0010260859519409464,0.19000630562819384,0.19402856255980236,144,0.33905180248762573,0.04250459426153553,0.0035420495217946273,0.33210938542490825,0.3459942195503432,144,0.777388619740326,0.12130196720423024,0.010108497267019187,0.7575759650969685,0.7972012743836836,144,0.10969020840605609,0.019118218826306443,0.0015931849021922036,0.10656756599775936,0.11281285081435281,144,2.252974968065113,0.16947513695955677,0.014122928079963064,2.2252940290283854,2.2806559071018406,144,2.2677557798597947,0.16653295066055995,0.013877745888379997,2.2405553979185697,2.2949561618010197,144,9.622861269895736,1.622206548501192,0.13518387904176601,9.357900866973875,9.887821672817598,144,0.10692986722048073,0.018146137645189128,0.0015121781370990939,0.1039659980717665,0.10989373636919496,144,2.2250233426704016,0.5512409793026675,0.04593674827522229,2.134987316050966,2.315059369289837
0.7,0.8,144,0.4735580868665657,0.0491220428783553,0.004093503573196275,0.465534819863101,0.48158135387003037,144,0.09078616770939602,0.11176453843531257,0.009313711536276048,0.07253129309829495,0.10904104232049708,144,0.1911261026386053,0.011258035954511579,0.0009381696628759649,0.1892872900993684,0.1929649151778422,144,0.3353158104948289,0.03848027024858404,0.003206689187382003,0.32903069968756016,0.3416009213020976,144,0.635873517226488,0.09666340903843308,0.00805528408653609,0.6200851604168772,0.6516618740360988,144,0.10851371127823735,0.01898334940999712,0.0015819457841664266,0.10541309754127115,0.11161432501520355,144,2.2592547691993072,0.17005257803217325,0.01417104816934777,2.231479514787386,2.2870300236112286,144,2.2701038943525527,0.16778341375402364,0.013981951146168637,2.242699270106062,2.2975085185990434,144,9.66319228759755,1.6270370543435768,0.13558642119529807,9.397442902054765,9.928941673140335,144,0.10651097821430813,0.01825287436014022,0.0015210728633450181,0.1035296754021519,0.10949228102646437,144,2.187675070028011,0.4927255596008431,0.04106046330007026,2.1071965619598734,2.2681535780961486
0.7,1.0,144,0.4761171719873464,0.04650654426055545,0.0038755453550462873,0.46852110309145567,0.4837132408832371,144,0.09334525283017672,0.11904110367936639,0.009920091973280533,0.07390187256254688,0.11278863309780657,144,0.19058160937604768,0.010845333600776719,0.0009037778000647265,0.1888102048879208,0.19235301386417455,144,0.3333012186366058,0.03630424785759158,0.0030253539881326314,0.3273715248198658,0.33923091245334575,144,0.5445468038471551,0.08154098971014336,0.00679508247584528,0.5312284421944984,0.5578651654998119,144,0.10796988246745985,0.01902153007939723,0.0015851275066164358,0.10486303255449164,0.11107673238042806,144,2.262332760948235,0.17093449874638086,0.014244541562198405,2.234413459486326,2.290252062410144,144,2.2709793118491928,0.16903840545302543,0.014086533787752119,2.2433697056251987,2.298588918073187,144,9.679944183511294,1.6406991944551719,0.13672493287126433,9.411963315083616,9.947925051938972,144,0.10638194457094093,0.018427905057695808,0.001535658754807984,0.10337205341151728,0.10939183573036457,144,2.1549953314659196,0.4516913963315299,0.03764094969429416,2.081219070065103,2.228771592866736
0.7,1.2,144,0.4775009569380722,0.045538415951887096,0.003794867995990591,0.4700630156659307,0.48493889821021374,144,0.09472903778090255,0.12502644236519456,0.010418870197099547,0.07430805219458744,0.11515002336721766,144,0.19024371051846456,0.010837500562406403,0.0009031250468672002,0.18847358542660483,0.19201383561032428,144,0.3322553325434631,0.03534926223190271,0.0029457718526585594,0.32648161971225237,0.3380290453746739,144,0.48023962696883526,0.07123835183801658,0.0059365293198347146,0.46860402950195923,0.4918752244357113,144,0.10770089453462804,0.019131546539613794,0.0015942955449678162,0.10457607526649113,0.11082571380276496,144,2.2639612492765178,0.17188163903948958,0.014323469919957465,2.2358872482334013,2.292035250319634,144,2.2711920070010163,0.17022102104885006,0.014185085087404172,2.243389240229704,2.2989947737723284,144,9.686254534011024,1.6572898582610534,0.1381074881884211,9.415563857161718,9.95694521086033,144,0.10637746300423362,0.018625818138912197,0.0015521515115760165,0.10333524604154462,0.10941967996692262,144,2.1428571428571423,0.4311498977538332,0.035929158146152766,2.072435992890683,2.2132782928236017
0.7,1.4,144,0.4781481375019616,0.045693571379419796,0.00380779761495165,0.4706848541766564,0.4856114208272668,144,0.09537621834479199,0.1301587979157286,0.010846566492977383,0.07411694801855631,0.11663548867102766,144,0.19004008010861895,0.011075900704640053,0.000922991725386671,0.18823101632686107,0.19184914389037683,144,0.3318117823894192,0.035250124697524594,0.0029375103914603827,0.32605426202215687,0.33756930275668157,144,0.43220111836044084,0.06374349297176983,0.0053119577476474856,0.4217896811750518,0.4426125555458299,144,0.10757928734418355,0.019274038311877316,0.0016061698593231096,0.10443119441991026,0.11072738026845684,144,2.2647970199872063,0.17281540576095722,0.014401283813413102,2.2365705037129167,2.293023536261496,144,2.2710391874515374,0.1713204140946284,0.014276701174552367,2.243056853149415,2.29902152175366,144,9.68666028407677,1.6742513956727678,0.13952094963939732,9.413199222783552,9.96012134536999,144,0.1064399938925019,0.018829954981686204,0.001569162915140517,0.10336443457882649,0.10951555320617731,144,2.139122315592904,0.42723073677699264,0.03560256139808272,2.0693412952526615,2.208903335933146
0.7,1.6,144,0.4783012114786195,0.04661224869512532,0.00388435405792711,0.47068787752508234,0.4859145454321566,144,0.09552929232144981,0.13468069565580884,0.011223391304650736,0.07353144536433437,0.11752713927856526,144,0.18992979462902185,0.01145535106845278,0.0009546125890377318,0.18805875395450788,0.1918008353035358,144,0.33176899389235864,0.03575806187984945,0.002979838489987454,0.32592851045198323,0.33760947733273405,144,0.39476856593400217,0.058021131829658124,0.004835094319138177,0.3852917810684913,0.404245350799513,144,0.10754655198370676,0.019432539805628913,0.0016193783171357427,0.1043725704821207,0.11072053348529282,144,2.265149719791533,0.17371703070392408,0.014476419225327006,2.236775938109892,2.293523501473174,144,2.2706615862925483,0.17234816183746576,0.014362346819788813,2.2425113865257624,2.2988117860593342,144,9.68332537106783,1.6906386093005634,0.14088655077504694,9.407187731548738,9.959463010586923,144,0.10654314944125044,0.01903455361707967,0.001586212801423306,0.10343417235046076,0.10965212653204012,144,2.1400560224089635,0.42054634203194263,0.035045528502661884,2.0713667865437464,2.2087452582741807
0.7,2.0,144,0.4776543024228029,0.04978911293282046,0.004149092744401705,0.46952208064377554,0.4857865242018302,144,0.09488238326563311,0.1424291333217135,0.011869094443476126,0.07161895815641992,0.11814580837484631,144,0.1898987709434769,0.012392150014394048,0.0010326791678661707,0.18787471977445921,0.1919228221124946,144,0.33244692663372033,0.037916927418541975,0.0031597439515451647,0.32625382848869183,0.3386400247787488,144,0.33990311406720886,0.049805310021616575,0.0041504425018013815,0.33176824676367817,0.34803798137073955,144,0.10763564458128601,0.019772325233238994,0.0016476937694365828,0.1044061647931903,0.11086512436938172,144,2.265007180256683,0.17542794415366003,0.014618995346138336,2.236353949378252,2.2936604111351144,144,2.2695103858700967,0.1742455155780384,0.014520459631503202,2.2410502849923506,2.2979704867478428,144,9.669927988173349,1.720865213444431,0.1434054344537026,9.388853336644091,9.951002639702606,144,0.10681993527758885,0.019439714772288386,0.0016199762310240321,0.10364478186478174,0.10999508869039595,144,2.143790849673203,0.4374255895103158,0.03645213245919298,2.0723446700531847,2.2152370292932213
0.75,0.0,144,0.39959399582584454,0.1296276829860005,0.010802306915500041,0.37842147427146444,0.42076651738022464,144,0.0,0.0,0.0,0.0,0.0,144,0.2007609954356328,0.024966002174748515,0.002080500181229043,0.19668321508042388,0.20483877579084173,144,0.39964500873852266,0.10536640723316773,0.00878053393609731,0.38243516222377194,0.41685485525327337,144,3.7442908516970212,0.820890943863323,0.06840757865527691,3.6102119975326783,3.878369705861364,144,1.0,3.2009055690654982e-15,2.667421307554582e-16,0.9999999999999994,1.0000000000000004,144,2.5768062437495997e-10,4.6924659647486454e-11,3.910388303957204e-12,2.5001626329920384e-10,2.653449854507161e-10,144,1.6785943244391548,0.3272743822365978,0.027272865186383152,1.6251395086738438,1.7320491402044658,144,4.372461618918468,1.6604501442057902,0.13837084535048252,4.101254762031522,4.643668475805414,144,0.26926175423703275,0.12061183639996195,0.010050986366663496,0.2495618209583723,0.2889616875156932,144,2.6442577030812324,1.423102751711661,0.11859189597597175,2.411817586968328,2.876697819194137
0.75,0.4,144,0.465118591226374,0.06340888753372294,0.005284073961143578,0.4547618062625326,0.4754753761902154,144,0.06552459540052949,0.08918527259653879,0.0074321060497115655,0.05095766754309482,0.08009152325796416,144,0.19230078558586816,0.013949786778361008,0.001162482231530084,0.1900223204120692,0.19457925075966712,144,0.34258062318775795,0.04995525689811619,0.004162938074843016,0.33442126456106563,0.35073998181445026,144,1.0249385221133684,0.16561417280438503,0.013801181067032086,0.9978882072219856,1.0519888370047514,144,0.1127770573542872,0.0199619683086118,0.0016634973590509833,0.10951660253054726,0.11603751217802713,144,2.2373919711445445,0.17001939202281363,0.014168282668567803,2.2096221371141516,2.2651618051749374,144,2.2607461702653646,0.16565752961234279,0.013804794134361899,2.2336887737620152,2.287803566768714,144,9.510725288849464,1.6417058652201681,0.1368088221016807,9.24257999753017,9.778870580168759,144,0.10827421443174196,0.01842109879519535,0.0015350915662662792,0.10526543496186005,0.11128299390162386,144,2.235294117647059,0.660004482238397,0.05500037351986642,2.127493385548121,2.343094849745997
0.75,0.6,144,0.4725053799464198,0.054294319964787174,0.0045245266637322645,0.46363730768550454,0.481373452207335,144,0.07291138412057514,0.10312428914224023,0.008593690761853352,0.056067750227342575,0.08975501801380771,144,0.19106253833895737,0.012020470815995658,0.0010017059013329715,0.18909919477234474,0.19302588190557,144,0.336432081714623,0.042828665094730475,0.003569055424560873,0.3294367330824837,0.3434274303467623,144,0.7747347394304712,0.11933265999975426,0.009944388333312855,0.7552437382971781,0.7942257405637644,144,0.10966664536373683,0.01912158725558561,0.0015934656046321341,0.10654345277865784,0.11278983794881581,144,2.252899542368026,0.16928497039849505,0.014107080866541255,2.225249663869605,2.2805494208664467,144,2.267504449997771,0.1663771361375575,0.013864761344796458,2.2403295177619698,2.294679382233572,144,9.62075401726198,1.6211644474990905,0.13509703729159087,9.355963824170463,9.885544210353498,144,0.106952913042183,0.01815689116681237,0.001513074263901031,0.10398728748493698,0.10991853859942903,144,2.173669467787115,0.5592485286635118,0.04660404405529265,2.0823255414387414,2.265013394135489
0.75,0.8,144,0.4762750723102538,0.0492883308171201,0.004107360901426675,0.4682246449434575,0.4843254996770501,144,0.0766810764844093,0.11260293632546739,0.009383578027122282,0.05828926355124964,0.09507288941756897,144,0.19037075838598272,0.011080086387078577,0.0009233405322565481,0.18856101094275987,0.19218050582920557,144,0.33335416930376344,0.03881238584624335,0.003234365487186946,0.327014812948877,0.33969352565864985,144,0.634413672883168,0.09552668209088071,0.007960556840906725,0.6188109814749908,0.6500163642913451,144,0.10853171030671102,0.018948615356025388,0.0015790512796687824,0.1054367697985602,0.11162665081486184,144,2.259052956980687,0.16979501522071497,0.014149584601726247,2.2313197711613038,2.2867861428000706,144,2.26983724568652,0.16754662247051927,0.013962218539209939,2.2424712973496685,2.2972031940233713,144,9.659071418969582,1.6245344126378667,0.13537786771982221,9.39373079823873,9.924412039700433,144,0.10654654695474873,0.018222987576694483,0.0015185822980578736,0.1035701256505553,0.10952296825894216,144,2.1353874883286648,0.4976470692538395,0.04147058910448662,2.054105133683871,2.2166698429734586
0.75,1.0,144,0.4782749523631185,0.04673032208787334,0.003894193507322778,0.47064233308876585,0.48590757163747117,144,0.07868095653727397,0.1198192050933692,0.009984933757780767,0.059110486372023666,0.09825142670252428,144,0.1899639936545953,0.010753961609626907,0.0008961634674689089,0.18820751325835622,0.19172047405083437,144,0.33176105398228617,0.03661431302306793,0.0030511927519223277,0.3257807161885184,0.33774139177605395,144,0.5436103873791309,0.080745266864419,0.006728772238701584,0.5304219937912759,0.556798780966986,144,0.10799844251290218,0.018973466535294106,0.0015811222112745089,0.10489944297880414,0.11109744204700021,144,2.2621050614590925,0.17065243099836877,0.014221035916530731,2.2342318310626923,2.2899782918554927,144,2.2707249753807437,0.1687704718359164,0.014064205986326366,2.243159131647544,2.2982908191139435,144,9.675386680176558,1.637409161786466,0.1364507634822055,9.407943183751435,9.942830176601682,144,0.10641817294696547,0.018383281594741563,0.0015319401328951303,0.10341557028649101,0.10942077560743993,144,2.1204481792717083,0.4516282250880476,0.037635685424003966,2.0466822358406604,2.194214122702756
0.75,1.2,144,0.4792724934481574,0.045796540148519096,0.0038163783457099247,0.471792391890566,0.48675259500574886,144,0.0796784976223129,0.1256996734848268,0.010474972790402234,0.05914755095312452,0.10020944429150128,144,0.18972497023397197,0.010808359727985047,0.0009006966439987539,0.1879596048117344,0.19149033565620954,144,0.33100253631787047,0.03563585703881498,0.0029696547532345814,0.3251820130015307,0.3368230596342102,144,0.47952027365697103,0.07062655555200109,0.005885546296000091,0.4679846029168109,0.4910559443971312,144,0.10773338940944649,0.019079120277782788,0.0015899266898152322,0.10461713309740864,0.11084964572148434,144,2.263727142419097,0.1715918133733355,0.014299317781111293,2.2357004795681186,2.291753805270075,144,2.270947548052862,0.16994314008491032,0.014161928340409193,2.24319016850566,2.2987049276000637,144,9.681539369860827,1.6534364875630998,0.13778637396359164,9.411478076892188,9.951600662829467,144,0.10641338632120366,0.01857619979834626,0.0015480166498621883,0.10337927368747377,0.10944749895493355,144,2.1083099906629315,0.4344895573367217,0.03620746311139347,2.0373433629646,2.179276618361263
0.75,1.4,144,0.4796431180766031,0.04597398070106017,0.003831165058421681,0.47213403456209657,0.4871522015911096,144,0.08004912225075861,0.13070168754165848,0.010891807295138207,0.05870117995228773,0.10139706454922949,144,0.18959432368524543,0.011088897098629083,0.0009240747582190903,0.187783137159136,0.19140551021135485,144,0.33076255823815154,0.03551856244132022,0.002959880203443352,0.3249611930394026,0.3365639234369005,144,0.4316016535840385,0.06327392066712217,0.005272826722260181,0.42126691320840853,0.4419363939596685,144,0.1076136103925107,0.01922198362279905,0.0016018319685665876,0.1044740197341202,0.11075320105090121,144,2.264563031713142,0.1725315207436947,0.014377626728641226,2.2363828833250055,2.292743180101279,144,2.2708024168059717,0.1710477230763084,0.014253976923025699,2.2428646220368416,2.298740211575102,144,9.681901199574334,1.6700801404686703,0.13917334503905585,9.409121443297785,9.954680955850883,144,0.10647572497564588,0.018780391904105378,0.0015650326586754482,0.103408260964642,0.10954318898664976,144,2.1036414565826327,0.4208374523329278,0.03506978769441065,2.034904672701588,2.1723782404636776
0.75,1.6,144,0.47959282905744005,0.04690570374583837,0.003908808645486531,0.47193156411228643,0.4872540940025937,144,0.07999883323159558,0.13507866635560797,0.011256555529633998,0.05793598439351295,0.10206168206967822,144,0.1895391525663755,0.011495183166443122,0.0009579319305369269,0.18766160598252313,0.19141669915022785,144,0.3308680183761844,0.03601279648152942,0.003001066373460785,0.32498592828420125,0.33675010846816755,144,0.39426515613106033,0.05765240097097712,0.0048043667475814265,0.38484859730580073,0.40368171495631994,144,0.1075817737969088,0.01938345600879164,0.0016152880007326367,0.10441580931547283,0.11074773827834476,144,2.2649188253760006,0.17344826581367606,0.014454022151139672,2.236588941959767,2.2932487087922344,144,2.270431521920301,0.17209011888638695,0.014340843240532246,2.242323469168858,2.2985395746717443,144,9.678599816768752,1.6863746341703838,0.14053121951419864,9.403158626520923,9.954041007016581,144,0.1065787641984772,0.018987747872223425,0.0015823123226852854,0.10347743204601403,0.10968009635094036,144,2.1111111111111107,0.4177050030628641,0.03480875025523868,2.042885960610843,2.1793362616113785
0.75,2.0,144,0.47867557218011136,0.05008557952868741,0.004173798294057284,0.4704949275237591,0.48685621683646363,144,0.07908157635426684,0.14251798151622105,0.011876498459685088,0.055803639373284065,0.10235951333524962,144,0.18958406966689031,0.0124562791909167,0.001038023265909725,0.18754954406570726,0.19161859526807337,144,0.33174035815299824,0.03814915411147452,0.0031790961759562103,0.32550932964812407,0.3379713866578724,144,0.3395035653572634,0.04953953891328232,0.0041282949094401935,0.3314121073347606,0.34759502337976617,144,0.10767142932113538,0.019732009418157684,0.001644334118179807,0.10444853444950296,0.1108943241927678,144,2.264785469587977,0.17520002561473608,0.01460000213456134,2.236169465404237,2.2934014737717177,144,2.2692919374984424,0.17402724331325026,0.014502270276104188,2.2408674877572783,2.2977163872396065,144,9.665397242930908,1.7168434978839564,0.1430702914903297,9.384979471609862,9.945815014251954,144,0.10685532308064699,0.01940132604647019,0.0016167771705391824,0.1036864398263902,0.11002420633490378,144,2.1260504201680672,0.4310765885252049,0.03592304904376708,2.0556412440422838,2.1964595962938507
0.8,0.0,144,0.40237237378926927,0.1335934894670426,0.011132790788920217,0.38055210384298566,0.4241926437355529,144,0.0,0.0,0.0,0.0,0.0,144,0.2009786718084666,0.024988926616852945,0.002082410551404412,0.19689714712771395,0.20506019648921925,144,0.39664895440226444,0.10922640557836127,0.009102200464863439,0.3788086414911321,0.4144892673133968,144,3.7485310343979616,0.8349430531422553,0.0695785877618546,3.6121570023847265,3.884905066411197,144,0.9999999999999996,2.7613132611350076e-15,2.301094384279173e-16,0.9999999999999991,1.0,144,2.5768310424177255e-10,4.691812704395281e-11,3.909843920329401e-12,2.5001981015792694e-10,2.6534639832561817e-10,144,1.6583234433292668,0.34838880295359226,0.029032400246132687,1.6014199388468469,1.7152269478116868,144,4.324779109987087,1.732076139075913,0.14433967825632607,4.041873340604688,4.6076848793694865,144,0.27563660154931274,0.1273892942988386,0.010615774524903218,0.25482968348050244,0.29644351961812304,144,2.620915032679738,1.3138168919115842,0.10948474099263202,2.4063249403341795,2.8355051250252967
0.8,0.4,144,0.4645410766880367,0.06228443193705898,0.005190369328088249,0.4543679528049837,0.47471420057108965,144,0.06216870289876751,0.09568004577040375,0.007973337147533646,0.04654096208960157,0.07779644370793345,144,0.1928111644517826,0.013775257851027317,0.0011479381542522764,0.19056120566944812,0.19506112323411706,144,0.3426477588601806,0.04911143842623915,0.004092619868853262,0.33462622391722824,0.350669293803133,144,1.0286504889948676,0.16863966142303913,0.014053305118586594,1.001106010962438,1.0561949670272972,144,0.11255015013470977,0.019831856653648346,0.0016526547211373622,0.10931094688128054,0.115789353388139,144,2.2390243009931448,0.17032049114547226,0.014193374262122688,2.2112052874393844,2.266843314546905,144,2.2622266462231533,0.16617486391971426,0.013847905326642854,2.2350847517829333,2.2893685406633733,144,9.528925642644136,1.643228277468028,0.13693568978900234,9.260531690657691,9.797319594630581,144,0.10805735487218121,0.01834449617138493,0.0015287080142820774,0.10506108716418834,0.11105362258017408,144,2.2745098039215685,0.6481420123210054,0.054011834360083784,2.1686466085758043,2.380372999267333
0.8,0.6,144,0.4719028482198686,0.053780833475377016,0.004481736122948085,0.46311864541889036,0.48068705102084686,144,0.06953047443059947,0.10902963550155215,0.00908580295846268,0.051722300632012615,0.08733864822918633,144,0.19151845422938588,0.012117075638078912,0.0010097563031732427,0.18953933187516633,0.19349757658360542,144,0.33657869755074543,0.04234181339201009,0.003528484449334174,0.32966286803005046,0.3434945270714404,144,0.7775571150668589,0.12157397668547892,0.01013116472378991,0.7577000322082307,0.7974141979254871,144,0.10946769230676096,0.01913531525990144,0.0015946096049917868,0.10634225748097706,0.11259312713254485,144,2.2541392075721935,0.16988879142192348,0.01415739928516029,2.226390704973279,2.281887710171108,144,2.268606549742862,0.16708338598350855,0.013923615498625712,2.2413162633655555,2.2958968361201686,144,9.638341660223013,1.6258244207703245,0.13548536839752703,9.37279033816386,9.903892982282166,144,0.1067737663182355,0.01820145007076457,0.0015167875058970475,0.10380086280667729,0.10974666982979371,144,2.219421101774043,0.5494415925519779,0.04578679937933149,2.1296789749905534,2.3091632285575328
0.8,0.8,144,0.47569019975170324,0.04942564402694864,0.004118803668912387,0.467617344560635,0.4837630549427715,144,0.07331782596243401,0.11784299572027526,0.009820249643356272,0.054070136661455714,0.0925655152634123,144,0.19077530650251098,0.011397460246060568,0.0009497883538383806,0.18891372132898776,0.1926368916760342,144,0.3335344937457856,0.038745850099035764,0.0032288208415863135,0.32720600489627644,0.33986298259529474,144,0.6364670264800328,0.0972621793130106,0.008105181609417549,0.6205808705255744,0.6523531824344913,144,0.10839310651396687,0.019015603029329458,0.0015846335857774548,0.10528722468584306,0.11149898834209068,144,2.2598908035893626,0.17040550430494106,0.014200458692078421,2.2320579045528888,2.2877237026258364,144,2.270573509943335,0.16819729589379565,0.014016441324482971,2.243101284947348,2.2980457349393215,144,9.672605343300829,1.6317075111028616,0.13597562592523846,9.40609311648736,9.939117570114297,144,0.10642419825993704,0.01830273880589272,0.0015252282338243932,0.10343475092164123,0.10941364559823286,144,2.1876750700280114,0.5046402668268009,0.042053355568900073,2.105250493112967,2.2700996469430557
0.8,1.0,144,0.4777142612782704,0.04742459828987308,0.003952049857489423,0.4699682435575911,0.48546027899894967,144,0.07534188748900111,0.1244677269588083,0.010372310579900691,0.05501215875239576,0.09567161622560647,144,0.19032533365283286,0.011220346959486092,0.0009350289132905076,0.18849267698278346,0.19215799032288225,144,0.33196040506889685,0.036931410839326065,0.0030776175699438386,0.3259282746318069,0.3379925355059868,144,0.5451769743452148,0.08226793179031013,0.006855660982525844,0.5317398788194642,0.5586140698709655,144,0.10790607810072923,0.019042651184090917,0.0015868875986742431,0.10479577840732772,0.11101637779413075,144,2.2626587452344484,0.17114790660508325,0.014262325550423604,2.234704587155618,2.2906129033132787,144,2.271206911598411,0.16928502095524803,0.014107085079604002,2.243557024842387,2.298856798354435,144,9.685074572614305,1.6444066023959458,0.13703388353299548,9.416488160889633,9.953660984338976,144,0.10633756408091707,0.01845864977167561,0.0015382208143063009,0.10332265128487672,0.10935247687695743,144,2.159663865546219,0.4760219873905883,0.039668498949215696,2.081913607605756,2.2374141234866816
0.8,1.2,144,0.4787392985833469,0.046911067453821904,0.003909255621151826,0.4710771575658893,0.4864014396008045,144,0.0763669247940777,0.12983762184258235,0.010819801820215197,0.055160113226455906,0.09757373636169948,144,0.19005036062126207,0.011358801003469754,0.0009465667502891462,0.18819508979069535,0.1919056314518288,144,0.33121034079539097,0.03626193013613206,0.0030218275113443383,0.3252875588731561,0.33713312271762585,144,0.4807634779237133,0.0720061551215147,0.006000512926792892,0.46900247258719924,0.4925244832602274,144,0.10767084439383214,0.0191353587636387,0.001594613230303225,0.10454540246243782,0.11079628632522645,144,2.2640986223927393,0.17195988593385017,0.014329990494487514,2.2360118410235437,2.292185403761935,144,2.2712677865681794,0.1703236221316342,0.014193635177636185,2.2434482616200127,2.299087311516346,144,9.688395313085659,1.659244249361193,0.13827035411343275,9.417385419023331,9.959405207147986,144,0.10635927918956363,0.018636281693150396,0.0015530234744291996,0.10331535317968239,0.10940320519944487,144,2.15406162464986,0.4609786221819876,0.0384148851818323,2.0787684496934684,2.2293547996062513
0.8,1.4,144,0.47913994137230653,0.04737165696123789,0.0039476380801031575,0.47140257073530434,0.4868773120093087,144,0.07676756758303728,0.13439694866198199,0.011199745721831833,0.05481606596824689,0.09871906919782766,144,0.18988954717341622,0.01167528048465081,0.0009729400403875676,0.18798258469425658,0.19179650965257586,144,0.3309705114542773,0.036369179530593106,0.003030764960882759,0.32503021213094707,0.33691081077760754,144,0.4326030695364249,0.06448470395443795,0.0053737253295364955,0.4220705678905334,0.44313557118231645,144,0.10756902817503598,0.01926238254408906,0.001605198545340755,0.1044228390261681,0.11071521732390387,144,2.2648221803781365,0.1727888063891464,0.014399067199095533,2.236600008667909,2.293044352088364,144,2.271023844978805,0.17131534976970586,0.014276279147475488,2.243042337849753,2.2990053521078573,144,9.686834751081285,1.674498086215352,0.13954150718461267,9.413333396999445,9.960336105163126,144,0.10643736493416184,0.018823751678054234,0.0015686459731711862,0.10336281882674632,0.10951191104157736,144,2.150326797385621,0.45240510350874497,0.037700425292395416,2.076433963812526,2.2242196309587157
0.8,1.6,144,0.4791208598290072,0.048471446875873236,0.004039287239656103,0.47120385683928123,0.4870378628187332,144,0.07674848603973802,0.1383869074150774,0.011532242284589782,0.054145291161942055,0.09935168091753399,144,0.18980879736088577,0.012086089951301542,0.0010071741626084619,0.18783473600217318,0.19178285871959835,144,0.33107034281010694,0.037010993627547804,0.003084249468962317,0.3250252138509408,0.3371154717692731,144,0.39508309690679205,0.05867701335600042,0.004889751113000035,0.38549918472531197,0.40466700908827213,144,0.10754743739503257,0.019408815937243504,0.0016174013281036253,0.10437733079194947,0.11071754399811568,144,2.265110692674371,0.17361499833432004,0.014467916527860003,2.2367535762797655,2.293467809068977,144,2.270594636553159,0.17226653057038874,0.01435554421419906,2.242457769893329,2.298731503212989,144,9.682274570979208,1.6894971592312695,0.14079142993593913,9.406323368304768,9.958225773653648,144,0.1065491838098302,0.019015701672691544,0.0015846418060576288,0.10344328586995724,0.10965508174970315,144,2.1512605042016806,0.4449394169691693,0.03707828474743077,2.0785870660967163,2.223933942306645
0.8,2.0,144,0.478264041929005,0.05175467044234737,0.0043128892035289475,0.4698107790900883,0.48671730476792174,144,0.07589166813973586,0.14518502043161471,0.01209875170263456,0.05217811480257212,0.0996052214768996,144,0.18981299313364144,0.01300853568491224,0.0010840446404093533,0.1876882656384391,0.1919377206288438,144,0.3319229649373533,0.03927310419142466,0.0032727586826187213,0.3255083579194206,0.33833757195528597,144,0.3400885385242423,0.050263909011599134,0.004188659084299928,0.33187876671901445,0.3482983103294702,144,0.10764487040286472,0.019732509347313194,0.0016443757789427662,0.1044218938761369,0.11086784692959253,144,2.2649177093149166,0.17523439711724542,0.014602866426437119,2.2362960911191,2.293539327510733,144,2.2694058117820375,0.17407077508996563,0.014505897924163803,2.2409742518506763,2.2978373717133986,144,9.667763812843434,1.717912682322826,0.14315939019356883,9.38717140806404,9.948356217622829,144,0.10683183417142339,0.01940411973622008,0.00161700997801834,0.10366249461450744,0.11000117372833934,144,2.164332399626517,0.46448941477977507,0.03870745123164792,2.088465795212487,2.240199004040547
